OWNER,CONSTRAINT_NAME,TABLE_NAME,COLUMN_NAME,POSITION
KYTL_GC,TABLEALERTGENER_F001,FT_T_ALG1,ALD1_OID,1
KYTL_GC,TABLEALERTGENER_F002,FT_T_ALG1,PROCESO,1
KYTL_GC,TABLEALERTGENER_PK,FT_T_ALG1,ALG1_OID,1
KYTL_GC,TABLEALERTMAILING_PK,FT_T_ALM1,ALM1_OID,1
KYTL_GC,TABLEALERTREPORT_F001,FT_T_ALR1,PROCESO,1
KYTL_GC,TABLEALERTREPORT_F002,FT_T_ALR1,ALU1_OID,1
KYTL_GC,TABLEALERTREPORT_F003,FT_T_ALR1,ALM1_OID,1
KYTL_GC,TABLEALERTREPORT_PK,FT_T_ALR1,ALR1_OID,1
KYTL_GC,APPLICATIONS_TO_BROADCAST_PK,FT_T_ATB1,ATB1_OID,1
KYTL_GC,BASKET_COMPONENT_PROP_PK,FT_T_BCP1,BCP1_OID,1
KYTL_GC,BCP1F001,FT_T_BCP1,ISGP_OID,1
KYTL_GC,BCP1F002,FT_T_BCP1,ISS_GRP_OID,1
KYTL_GC,CACHE_ALL_COUNTERPARTIES_PK,FT_T_CAC1,ID,1
KYTL_GC,CONTACT_ALT_IDENTIF_PK,FT_T_CAI1,CAI1_OID,1
KYTL_GC,CACHE_COPY_ABACO_PK,FT_T_CCA1,ID_RDR,1
KYTL_GC,CACHE_COUNTERPARTIES2_PK,FT_T_CCT1,ID,1
KYTL_GC,CONFIRMATION_ATTRIBUTES_F002,FT_T_COA1,STAT_DEF_ID,1
KYTL_GC,CONFIRMATION_ATTRIBUTES_F003,FT_T_COA1,CLSF_OID,1
KYTL_GC,CONFIRMATION_ATTRIBUTES_F004,FT_T_COA1,INDUS_CL_SET_ID,1
KYTL_GC,CONFIRMATION_ATTRIBUTES_PK,FT_T_COA1,COA1_OID,1
KYTL_GC,CONFIRMATION_IDENTIF_PK,FT_T_COI1,COI1_OID,1
KYTL_GC,CONTACT_ATTRIBUTES_F002,FT_T_COT1,STAT_DEF_ID,1
KYTL_GC,CONTACT_ATTRIBUTES_F003,FT_T_COT1,CLSF_OID,1
KYTL_GC,CONTACT_ATTRIBUTES_F004,FT_T_COT1,INDUS_CL_SET_ID,1
KYTL_GC,CONTACT_ATTRIBUTES_F005,FT_T_COT1,SUBD_OID,1
KYTL_GC,CONTACT_ATTRIBUTES_PK,FT_T_COT1,COT1_OID,1
KYTL_GC,ERROR_MESSAGES_MANAGEMENT_PK,FT_T_EMM1,EMM1_OID,1
KYTL_GC,EXI1F001,FT_T_EXI1,COI1_OID,1
KYTL_GC,EXI1F002,FT_T_EXI1,LAID_OID,1
KYTL_GC,EXTERNAL_IDENTIFIER_PK,FT_T_EXI1,EXI_OID,1
KYTL_GC,FINANCIAL_LEGAL_NAMES_PK,FT_T_FLG1,FLG_OID,1
KYTL_GC,LEGAL_AGR_FUNDS_F001,FT_T_FND1,FLAR_OID,1
KYTL_GC,LEGAL_AGR_FUNDS_F002,FT_T_FND1,INST_MNEM,1
KYTL_GC,LEGAL_AGR_FUNDS_F003,FT_T_FND1,CLSF_OID,1
KYTL_GC,LEGAL_AGR_FUNDS_F004,FT_T_FND1,INDUS_CL_SET_ID,1
KYTL_GC,LEGAL_AGR_FUNDS_PK,FT_T_FND1,FND1_OID,1
KYTL_GC,FINS_REGULATION_ATTR_F002,FT_T_FRA1,FINR_OID,1
KYTL_GC,FINS_REGULATION_ATTR_FK001,FT_T_FRA1,INST_MNEM,1
KYTL_GC,FINS_REGULATION_ATTR_FK004,FT_T_FRA1,STAT_DEF_ID,1
KYTL_GC,FINS_REGULATION_ATTR_FK005,FT_T_FRA1,CLSF_OID,1
KYTL_GC,FINS_REGULATION_ATTR_PK,FT_T_FRA1,FRA1_OID,1
KYTL_GC,FINS_SUBDIVISION_ATTR_FK001,FT_T_FSA1,STAT_DEF_ID,1
KYTL_GC,FINS_SUBDIVISION_ATTR_FK003,FT_T_FSA1,CLSF_OID,1
KYTL_GC,FINS_SUBDIVISION_ATTR_PK,FT_T_FSA1,FSA1_OID,1
KYTL_GC,LEGAL_OPINION_F001,FT_T_LAL1,GUNT_OID,1
KYTL_GC,LEGAL_OPINION_F002,FT_T_LAL1,INDUS_CL_SET_ID,1
KYTL_GC,LEGAL_OPINION_F003,FT_T_LAL1,CLSF_OID,1
KYTL_GC,LEGAL_OPINION_F004,FT_T_LAL1,INDUS_CL_SET_ID2,1
KYTL_GC,LEGAL_OPINION_F005,FT_T_LAL1,CLSF_OID2,1
KYTL_GC,LEGAL_OPINION_F006,FT_T_LAL1,INDUS_CL_SET_ID3,1
KYTL_GC,LEGAL_OPINION_F007,FT_T_LAL1,CLSF_OID3,1
KYTL_GC,LEGAL_OPINION_PK,FT_T_LAL1,LAL1_OID,1
KYTL_GC,LEGAL_AGMT_ATTRIBUTES_PK,FT_T_LAT1,LAT1_OID,1
KYTL_GC,LEGAL_ANEX_STAT_F001,FT_T_LAX1,STAT_DEF_ID,1
KYTL_GC,LEGAL_ANEX_STAT_F002,FT_T_LAX1,INDUS_CL_SET_ID,1
KYTL_GC,LEGAL_ANEX_STAT_F003,FT_T_LAX1,CLSF_OID,1
KYTL_GC,LEGAL_ANEX_STAT_F004,FT_T_LAX1,RTNG_SET_OID,1
KYTL_GC,LEGAL_ANEX_STAT_F006,FT_T_LAX1,LAAN_OID,1
KYTL_GC,LEGAL_ANEX_STAT_F007,FT_T_LAX1,INSTR_ID,1
KYTL_GC,LEGAL_ANEX_STAT_PK,FT_T_LAX1,LAX_OID,1
KYTL_GC,LEGAL_OPINION_DETAILS_F001,FT_T_LLD1,LAL1_OID,1
KYTL_GC,LEGAL_OPINION_DETAILS_F002,FT_T_LLD1,INDUS_CL_SET_ID,1
KYTL_GC,LEGAL_OPINION_DETAILS_F003,FT_T_LLD1,CLSF_OID,1
KYTL_GC,LEGAL_OPINION_DETAILS_F004,FT_T_LLD1,INDUS_CL_SET_ID2,1
KYTL_GC,LEGAL_OPINION_DETAILS_F005,FT_T_LLD1,CLSF_OID2,1
KYTL_GC,LEGAL_OPINION_DETAILS_F006,FT_T_LLD1,INDUS_CL_SET_ID3,1
KYTL_GC,LEGAL_OPINION_DETAILS_F007,FT_T_LLD1,CLSF_OID3,1
KYTL_GC,LEGAL_OPINION_DETAILS_PK,FT_T_LLD1,LLD1_OID,1
KYTL_GC,LEGAL_PART_STAT_F001,FT_T_LPS1,STAT_DEF_ID,1
KYTL_GC,LEGAL_PART_STAT_F002,FT_T_LPS1,INDUS_CL_SET_ID,1
KYTL_GC,LEGAL_PART_STAT_F003,FT_T_LPS1,CLSF_OID,1
KYTL_GC,LEGAL_PART_STAT_F004,FT_T_LPS1,RTNG_SET_OID,1
KYTL_GC,LEGAL_PART_STAT_F006,FT_T_LPS1,FLAR_OID,1
KYTL_GC,LEGAL_PART_STAT_F007,FT_T_LPS1,INSTR_ID,1
KYTL_GC,LEGAL_PART_STAT_PK,FT_T_LPS1,LPS_OID,1
KYTL_GC,LEGAL_AP_STAT_F001,FT_T_LPX1,STAT_DEF_ID,1
KYTL_GC,LEGAL_AP_STAT_F002,FT_T_LPX1,INDUS_CL_SET_ID,1
KYTL_GC,LEGAL_AP_STAT_F003,FT_T_LPX1,CLSF_OID,1
KYTL_GC,LEGAL_AP_STAT_F004,FT_T_LPX1,RTNG_SET_OID,1
KYTL_GC,LEGAL_AP_STAT_F006,FT_T_LPX1,LAAP_OID,1
KYTL_GC,LEGAL_AP_STAT_F007,FT_T_LPX1,INSTR_ID,1
KYTL_GC,LEGAL_AP_STAT_PK,FT_T_LPX1,LPX_OID,1
KYTL_GC,LEGAL_AGR_REST_TRADES_F002,FT_T_LRT1,LAAN_OID,1
KYTL_GC,LEGAL_AGR_REST_TRADES_PK,FT_T_LRT1,LRT1_OID,1
KYTL_GC,PAR1_OID,FT_T_PAR1,PAR1_OID,1
KYTL_GC,REGULATORY_INFO_F001,FT_T_REG1,CAL_ID,1
KYTL_GC,REGULATORY_INFO_PK,FT_T_REG1,REG1_OID,1
KYTL_GC,FT_T_REI1_PK,FT_T_REI1,REL_FRID_OID,1
KYTL_GC,FT_T_REI1_PK,FT_T_REI1,FRID_OID,2
KYTL_GC,SYS_C00529922,FT_T_REI1,FRID_OID,1
KYTL_GC,REGISTER_LOG_TABLE_F001,FT_T_RLT1,JOB_ID,1
KYTL_GC,REGISTER_LOG_TABLE_F002,FT_T_RLT1,TRN_ID,1
KYTL_GC,REGISTER_LOG_TABLE_PK,FT_T_RLT1,RLT_OID,1
KYTL_GC,FT_T_RRM1_PK,FT_T_RRM1,MSG_REQ,1
KYTL_GC,SECT_ASSET_ALLOCATION_PK,FT_T_SAA1,SAA1_OID,1
KYTL_GC,SECT_ASSET_ALLOCATION2_PK,FT_T_SAA2,SAA2_OID,1
KYTL_GC,STAND_SETT_ALT_IDENTIF_PK,FT_T_SAI1,SAI1_OID,1
KYTL_GC,SETTLEMENT_ATT_PART_F002,FT_T_SAP1,STAT_DEF_ID,1
KYTL_GC,SETTLEMENT_ATT_PART_F003,FT_T_SAP1,CLSF_OID,1
KYTL_GC,SETTLEMENT_ATT_PART_F004,FT_T_SAP1,INDUS_CL_SET_ID,1
KYTL_GC,SETTLEMENT_ATT_PART_PK,FT_T_SAP1,SAP1_OID,1
KYTL_GC,SETTLEMENT_ATTRIBUTES_F002,FT_T_SAT1,STAT_DEF_ID,1
KYTL_GC,SETTLEMENT_ATTRIBUTES_F003,FT_T_SAT1,CLSF_OID,1
KYTL_GC,SETTLEMENT_ATTRIBUTES_F004,FT_T_SAT1,INDUS_CL_SET_ID,1
KYTL_GC,SETTLEMENT_ATTRIBUTES_PK,FT_T_SAT1,SAT1_OID,1
KYTL_GC,STAND_CONF_ASSIGNMENT_F001,FT_T_SCA1,FRID_OID,1
KYTL_GC,STAND_CONF_ASSIGNMENT_F002,FT_T_SCA1,ORG_ID,1
KYTL_GC,STAND_CONF_ASSIGNMENT_F003,FT_T_SCA1,SCIS_OID,1
KYTL_GC,STAND_CONF_ASSIGNMENT_F006,FT_T_SCA1,SUBD_OID,1
KYTL_GC,STAND_CONF_ASSIGNMENT_PK,FT_T_SCA1,SCA1_OID,1
KYTL_GC,TRADING_BOOK_F001,FT_T_TBC1,ACCT_GRP_OID,1
KYTL_GC,TRADING_BOOK_F002,FT_T_TBC1,TMZ_TMZ,1
KYTL_GC,TRADING_BOOK_F003,FT_T_TBC1,CAL_ID,1
KYTL_GC,TRADING_BOOK_F004,FT_T_TBC1,TBC1_FINS,1
KYTL_GC,TRADING_BOOK_PK,FT_T_TBC1,TBC1_OID,1
KYTL_GC,UI_TEMPORAL_DATA_PK,FT_T_UTD1,UTD_OID,1
