OWNER,CONSTRAINT_NAME,CONSTRAINT_TYPE,TABLE_NAME,R_OWNER,R_CONSTRAINT_NAME,STATUS
KYTL_GC,TABLEALERTGENER_F001,R,FT_T_ALG1,KYTL_GC,TABLEDEFINALERT_PK,DISABLED
KYTL_GC,TABLEALERTGENER_F002,R,FT_T_ALG1,KYTL_GC,TABLEREPORTS_U001,DISABLED
KYTL_GC,TABLEALERTGENER_PK,P,FT_T_ALG1,,,ENABLED
KYTL_GC,TABLEALERTMAILING_PK,P,FT_T_ALM1,,,ENABLED
KYTL_GC,TABLEALERTREPORT_F001,R,FT_T_ALR1,KYTL_GC,TABLEREPORTS_U001,DISABLED
KYTL_GC,TABLEALERTREPORT_F002,R,FT_T_ALR1,KYTL_GC,TABLEALERTUSERS_PK,DISABLED
KYTL_GC,TABLEALERTREPORT_F003,R,FT_T_ALR1,KYTL_GC,TABLEALERTMAILING_PK,DISABLED
KYTL_GC,TABLEALERTREPORT_PK,P,FT_T_ALR1,,,ENABLED
KYTL_GC,APPLICATIONS_TO_BROADCAST_PK,P,FT_T_ATB1,,,ENABLED
KYTL_GC,BASKET_COMPONENT_PROP_PK,P,FT_T_BCP1,,,ENABLED
KYTL_GC,BCP1F001,R,FT_T_BCP1,KYTL_GC,FT_T_ISGP_PK,DISABLED
KYTL_GC,BCP1F002,R,FT_T_BCP1,KYTL_GC,FT_T_ISGR_PK,DISABLED
KYTL_GC,CACHE_ALL_COUNTERPARTIES_PK,P,FT_T_CAC1,,,ENABLED
KYTL_GC,CONTACT_ALT_IDENTIF_PK,P,FT_T_CAI1,,,ENABLED
KYTL_GC,CACHE_COPY_ABACO_PK,P,FT_T_CCA1,,,ENABLED
KYTL_GC,CACHE_COUNTERPARTIES2_PK,P,FT_T_CCT1,,,ENABLED
KYTL_GC,CONFIRMATION_ATTRIBUTES_F002,R,FT_T_COA1,KYTL_GC,FT_T_STDF_PK,DISABLED
KYTL_GC,CONFIRMATION_ATTRIBUTES_F003,R,FT_T_COA1,KYTL_GC,FT_T_INCL_PK,DISABLED
KYTL_GC,CONFIRMATION_ATTRIBUTES_F004,R,FT_T_COA1,KYTL_GC,FT_T_INCS_PK,DISABLED
KYTL_GC,CONFIRMATION_ATTRIBUTES_PK,P,FT_T_COA1,,,ENABLED
KYTL_GC,CONFIRMATION_IDENTIF_PK,P,FT_T_COI1,,,ENABLED
KYTL_GC,CONTACT_ATTRIBUTES_F002,R,FT_T_COT1,KYTL_GC,FT_T_STDF_PK,DISABLED
KYTL_GC,CONTACT_ATTRIBUTES_F003,R,FT_T_COT1,KYTL_GC,FT_T_INCL_PK,DISABLED
KYTL_GC,CONTACT_ATTRIBUTES_F004,R,FT_T_COT1,KYTL_GC,FT_T_INCS_PK,DISABLED
KYTL_GC,CONTACT_ATTRIBUTES_F005,R,FT_T_COT1,KYTL_GC,FT_T_SUBD_PK,DISABLED
KYTL_GC,CONTACT_ATTRIBUTES_PK,P,FT_T_COT1,,,ENABLED
KYTL_GC,ERROR_MESSAGES_MANAGEMENT_PK,P,FT_T_EMM1,,,ENABLED
KYTL_GC,EXI1F001,R,FT_T_EXI1,KYTL_GC,CONFIRMATION_IDENTIF_PK,DISABLED
KYTL_GC,EXI1F002,R,FT_T_EXI1,KYTL_GC,FT_T_LAID_PK,DISABLED
KYTL_GC,EXTERNAL_IDENTIFIER_PK,P,FT_T_EXI1,,,ENABLED
KYTL_GC,FINANCIAL_LEGAL_NAMES_PK,P,FT_T_FLG1,,,ENABLED
KYTL_GC,LEGAL_AGR_FUNDS_F001,R,FT_T_FND1,KYTL_GC,FT_T_FLAR_PK,DISABLED
KYTL_GC,LEGAL_AGR_FUNDS_F002,R,FT_T_FND1,KYTL_GC,FT_T_FINS_PK,DISABLED
KYTL_GC,LEGAL_AGR_FUNDS_F003,R,FT_T_FND1,KYTL_GC,FT_T_INCL_PK,DISABLED
KYTL_GC,LEGAL_AGR_FUNDS_F004,R,FT_T_FND1,KYTL_GC,FT_T_INCS_PK,DISABLED
KYTL_GC,LEGAL_AGR_FUNDS_PK,P,FT_T_FND1,,,ENABLED
KYTL_GC,FINS_REGULATION_ATTR_F002,R,FT_T_FRA1,KYTL_GC,FT_T_FINR_PK,ENABLED
KYTL_GC,FINS_REGULATION_ATTR_FK001,R,FT_T_FRA1,KYTL_GC,FT_T_FINS_PK,ENABLED
KYTL_GC,FINS_REGULATION_ATTR_FK004,R,FT_T_FRA1,KYTL_GC,FT_T_STDF_PK,ENABLED
KYTL_GC,FINS_REGULATION_ATTR_FK005,R,FT_T_FRA1,KYTL_GC,FT_T_INCL_PK,ENABLED
KYTL_GC,FINS_REGULATION_ATTR_PK,P,FT_T_FRA1,,,ENABLED
KYTL_GC,FINS_SUBDIVISION_ATTR_FK001,R,FT_T_FSA1,KYTL_GC,FT_T_STDF_PK,DISABLED
KYTL_GC,FINS_SUBDIVISION_ATTR_FK003,R,FT_T_FSA1,KYTL_GC,FT_T_INCL_PK,DISABLED
KYTL_GC,FINS_SUBDIVISION_ATTR_PK,P,FT_T_FSA1,,,ENABLED
KYTL_GC,LEGAL_OPINION_F001,R,FT_T_LAL1,KYTL_GC,FT_T_GUNT_PK,DISABLED
KYTL_GC,LEGAL_OPINION_F002,R,FT_T_LAL1,KYTL_GC,FT_T_INCS_PK,DISABLED
KYTL_GC,LEGAL_OPINION_F003,R,FT_T_LAL1,KYTL_GC,FT_T_INCL_PK,DISABLED
KYTL_GC,LEGAL_OPINION_F004,R,FT_T_LAL1,KYTL_GC,FT_T_INCS_PK,DISABLED
KYTL_GC,LEGAL_OPINION_F005,R,FT_T_LAL1,KYTL_GC,FT_T_INCL_PK,DISABLED
KYTL_GC,LEGAL_OPINION_F006,R,FT_T_LAL1,KYTL_GC,FT_T_INCS_PK,DISABLED
KYTL_GC,LEGAL_OPINION_F007,R,FT_T_LAL1,KYTL_GC,FT_T_INCL_PK,DISABLED
KYTL_GC,LEGAL_OPINION_PK,P,FT_T_LAL1,,,ENABLED
KYTL_GC,LEGAL_AGMT_ATTRIBUTES_PK,P,FT_T_LAT1,,,ENABLED
KYTL_GC,LEGAL_ANEX_STAT_F001,R,FT_T_LAX1,KYTL_GC,FT_T_STDF_PK,DISABLED
KYTL_GC,LEGAL_ANEX_STAT_F002,R,FT_T_LAX1,KYTL_GC,FT_T_INCS_PK,DISABLED
KYTL_GC,LEGAL_ANEX_STAT_F003,R,FT_T_LAX1,KYTL_GC,FT_T_INCL_PK,DISABLED
KYTL_GC,LEGAL_ANEX_STAT_F004,R,FT_T_LAX1,KYTL_GC,FT_T_RTNG_PK,DISABLED
KYTL_GC,LEGAL_ANEX_STAT_F006,R,FT_T_LAX1,KYTL_GC,FT_T_LAAN_PK,DISABLED
KYTL_GC,LEGAL_ANEX_STAT_F007,R,FT_T_LAX1,KYTL_GC,FT_T_ISSU_PK,DISABLED
KYTL_GC,LEGAL_ANEX_STAT_PK,P,FT_T_LAX1,,,ENABLED
KYTL_GC,LEGAL_OPINION_DETAILS_F001,R,FT_T_LLD1,KYTL_GC,LEGAL_OPINION_PK,DISABLED
KYTL_GC,LEGAL_OPINION_DETAILS_F002,R,FT_T_LLD1,KYTL_GC,FT_T_INCS_PK,DISABLED
KYTL_GC,LEGAL_OPINION_DETAILS_F003,R,FT_T_LLD1,KYTL_GC,FT_T_INCL_PK,DISABLED
KYTL_GC,LEGAL_OPINION_DETAILS_F004,R,FT_T_LLD1,KYTL_GC,FT_T_INCS_PK,DISABLED
KYTL_GC,LEGAL_OPINION_DETAILS_F005,R,FT_T_LLD1,KYTL_GC,FT_T_INCL_PK,DISABLED
KYTL_GC,LEGAL_OPINION_DETAILS_F006,R,FT_T_LLD1,KYTL_GC,FT_T_INCS_PK,DISABLED
KYTL_GC,LEGAL_OPINION_DETAILS_F007,R,FT_T_LLD1,KYTL_GC,FT_T_INCL_PK,DISABLED
KYTL_GC,LEGAL_OPINION_DETAILS_PK,P,FT_T_LLD1,,,ENABLED
KYTL_GC,LEGAL_PART_STAT_F001,R,FT_T_LPS1,KYTL_GC,FT_T_STDF_PK,DISABLED
KYTL_GC,LEGAL_PART_STAT_F002,R,FT_T_LPS1,KYTL_GC,FT_T_INCS_PK,DISABLED
KYTL_GC,LEGAL_PART_STAT_F003,R,FT_T_LPS1,KYTL_GC,FT_T_INCL_PK,DISABLED
KYTL_GC,LEGAL_PART_STAT_F004,R,FT_T_LPS1,KYTL_GC,FT_T_RTNG_PK,DISABLED
KYTL_GC,LEGAL_PART_STAT_F006,R,FT_T_LPS1,KYTL_GC,FT_T_FLAR_PK,DISABLED
KYTL_GC,LEGAL_PART_STAT_F007,R,FT_T_LPS1,KYTL_GC,FT_T_ISSU_PK,DISABLED
KYTL_GC,LEGAL_PART_STAT_PK,P,FT_T_LPS1,,,ENABLED
KYTL_GC,LEGAL_AP_STAT_F001,R,FT_T_LPX1,KYTL_GC,FT_T_STDF_PK,DISABLED
KYTL_GC,LEGAL_AP_STAT_F002,R,FT_T_LPX1,KYTL_GC,FT_T_INCS_PK,DISABLED
KYTL_GC,LEGAL_AP_STAT_F003,R,FT_T_LPX1,KYTL_GC,FT_T_INCL_PK,DISABLED
KYTL_GC,LEGAL_AP_STAT_F004,R,FT_T_LPX1,KYTL_GC,FT_T_RTNG_PK,DISABLED
KYTL_GC,LEGAL_AP_STAT_F006,R,FT_T_LPX1,KYTL_GC,FT_T_LAAP_PK,DISABLED
KYTL_GC,LEGAL_AP_STAT_F007,R,FT_T_LPX1,KYTL_GC,FT_T_ISSU_PK,DISABLED
KYTL_GC,LEGAL_AP_STAT_PK,P,FT_T_LPX1,,,ENABLED
KYTL_GC,LEGAL_AGR_REST_TRADES_F002,R,FT_T_LRT1,KYTL_GC,FT_T_LAAN_PK,DISABLED
KYTL_GC,LEGAL_AGR_REST_TRADES_PK,P,FT_T_LRT1,,,ENABLED
KYTL_GC,PAR1_OID,P,FT_T_PAR1,,,ENABLED
KYTL_GC,REGULATORY_INFO_F001,R,FT_T_REG1,KYTL_GC,FT_T_CADF_PK,DISABLED
KYTL_GC,REGULATORY_INFO_PK,P,FT_T_REG1,,,ENABLED
KYTL_GC,FT_T_REI1_PK,P,FT_T_REI1,,,ENABLED
KYTL_GC,SYS_C00529922,R,FT_T_REI1,KYTL_GC,FT_T_FRID_PK,DISABLED
KYTL_GC,REGISTER_LOG_TABLE_F001,R,FT_T_RLT1,KYTL_GC,FT_T_JBLG_PK,DISABLED
KYTL_GC,REGISTER_LOG_TABLE_F002,R,FT_T_RLT1,KYTL_GC,FT_T_TRID_PK,DISABLED
KYTL_GC,REGISTER_LOG_TABLE_PK,P,FT_T_RLT1,,,ENABLED
KYTL_GC,FT_T_RRM1_PK,P,FT_T_RRM1,,,ENABLED
KYTL_GC,SECT_ASSET_ALLOCATION_PK,P,FT_T_SAA1,,,ENABLED
KYTL_GC,SECT_ASSET_ALLOCATION2_PK,P,FT_T_SAA2,,,ENABLED
KYTL_GC,STAND_SETT_ALT_IDENTIF_PK,P,FT_T_SAI1,,,ENABLED
KYTL_GC,SETTLEMENT_ATT_PART_F002,R,FT_T_SAP1,KYTL_GC,FT_T_STDF_PK,DISABLED
KYTL_GC,SETTLEMENT_ATT_PART_F003,R,FT_T_SAP1,KYTL_GC,FT_T_INCL_PK,DISABLED
KYTL_GC,SETTLEMENT_ATT_PART_F004,R,FT_T_SAP1,KYTL_GC,FT_T_INCS_PK,DISABLED
KYTL_GC,SETTLEMENT_ATT_PART_PK,P,FT_T_SAP1,,,ENABLED
KYTL_GC,SETTLEMENT_ATTRIBUTES_F002,R,FT_T_SAT1,KYTL_GC,FT_T_STDF_PK,DISABLED
KYTL_GC,SETTLEMENT_ATTRIBUTES_F003,R,FT_T_SAT1,KYTL_GC,FT_T_INCL_PK,DISABLED
KYTL_GC,SETTLEMENT_ATTRIBUTES_F004,R,FT_T_SAT1,KYTL_GC,FT_T_INCS_PK,DISABLED
KYTL_GC,SETTLEMENT_ATTRIBUTES_PK,P,FT_T_SAT1,,,ENABLED
KYTL_GC,STAND_CONF_ASSIGNMENT_F001,R,FT_T_SCA1,KYTL_GC,FT_T_FRID_PK,DISABLED
KYTL_GC,STAND_CONF_ASSIGNMENT_F002,R,FT_T_SCA1,KYTL_GC,FT_T_ENTR_PK,DISABLED
KYTL_GC,STAND_CONF_ASSIGNMENT_F003,R,FT_T_SCA1,KYTL_GC,FT_T_SCIS_PK,DISABLED
KYTL_GC,STAND_CONF_ASSIGNMENT_F006,R,FT_T_SCA1,KYTL_GC,FT_T_SUBD_PK,DISABLED
KYTL_GC,STAND_CONF_ASSIGNMENT_PK,P,FT_T_SCA1,,,ENABLED
KYTL_GC,TRADING_BOOK_F001,R,FT_T_TBC1,KYTL_GC,FT_T_ACGR_PK,DISABLED
KYTL_GC,TRADING_BOOK_F002,R,FT_T_TBC1,KYTL_GC,FT_T_TZDF_PK,DISABLED
KYTL_GC,TRADING_BOOK_F003,R,FT_T_TBC1,KYTL_GC,FT_T_CADF_PK,DISABLED
KYTL_GC,TRADING_BOOK_F004,R,FT_T_TBC1,KYTL_GC,FT_T_FINS_PK,DISABLED
KYTL_GC,TRADING_BOOK_PK,P,FT_T_TBC1,,,ENABLED
KYTL_GC,UI_TEMPORAL_DATA_PK,P,FT_T_UTD1,,,ENABLED
