OWNER,TABLE_NAME,COLUMN_NAME,DATA_TYPE,DATA_LENGTH,DATA_PRECISION,DATA_SCALE,NULLABLE,COLUMN_ID,DATA_DEFAULT
KYTL_GC,FT_T_ALG1,ALG1_OID,CHAR,10,,,N,1,
KYTL_GC,FT_T_ALG1,PROCESO,VARCHAR2,100,,,N,2,
KYTL_GC,FT_T_ALG1,ALD1_OID,CHAR,10,,,N,3,
KYTL_GC,FT_T_ALG1,MENSAJE,VARCHAR2,4000,,,N,4,
KYTL_GC,FT_T_ALG1,TIPO,VARCHAR2,11,,,N,5,
KYTL_GC,FT_T_ALG1,PROCESADO,VARCHAR2,1,,,N,6,
KYTL_GC,FT_T_ALG1,DATA_STAT_TYP,VARCHAR2,20,,,N,7,
KYTL_GC,FT_T_ALG1,LAST_CHG_TMS,DATE,7,,,N,8,
KYTL_GC,FT_T_ALG1,START_TMS,DATE,7,,,N,9,
KYTL_GC,FT_T_ALG1,END_TMS,DATE,7,,,Y,10,
KYTL_GC,FT_T_ALG1,LAST_CHG_USR_ID,VARCHAR2,40,,,N,11,
KYTL_GC,FT_T_ALM1,ALM1_OID,CHAR,10,,,N,1,
KYTL_GC,FT_T_ALM1,MEDIO_ENVIO,VARCHAR2,20,,,N,2,
KYTL_GC,FT_T_ALM1,DIRECCION,VARCHAR2,200,,,N,3,
KYTL_GC,FT_T_ALM1,DATA_STAT_TYP,VARCHAR2,20,,,N,4,
KYTL_GC,FT_T_ALM1,LAST_CHG_TMS,DATE,7,,,N,5,
KYTL_GC,FT_T_ALM1,START_TMS,DATE,7,,,N,6,
KYTL_GC,FT_T_ALM1,END_TMS,DATE,7,,,Y,7,
KYTL_GC,FT_T_ALM1,LAST_CHG_USR_ID,VARCHAR2,40,,,N,8,
KYTL_GC,FT_T_ALR1,ALR1_OID,CHAR,10,,,N,1,
KYTL_GC,FT_T_ALR1,ALU1_OID,CHAR,10,,,N,2,
KYTL_GC,FT_T_ALR1,ALM1_OID,CHAR,10,,,N,3,
KYTL_GC,FT_T_ALR1,PROCESO,VARCHAR2,100,,,N,4,
KYTL_GC,FT_T_ALR1,TIPO_ENVIO,VARCHAR2,20,,,N,5,
KYTL_GC,FT_T_ALR1,PERIODICIDAD,VARCHAR2,20,,,N,6,
KYTL_GC,FT_T_ALR1,LAST_SEND_TMS,DATE,7,,,Y,7,
KYTL_GC,FT_T_ALR1,DATA_STAT_TYP,VARCHAR2,20,,,N,8,
KYTL_GC,FT_T_ALR1,LAST_CHG_TMS,DATE,7,,,N,9,
KYTL_GC,FT_T_ALR1,START_TMS,DATE,7,,,N,10,
KYTL_GC,FT_T_ALR1,END_TMS,DATE,7,,,Y,11,
KYTL_GC,FT_T_ALR1,LAST_CHG_USR_ID,VARCHAR2,40,,,N,12,
KYTL_GC,FT_T_ATB1,ATB1_OID,CHAR,10,,,N,1,
KYTL_GC,FT_T_ATB1,INST_MNEM,CHAR,10,,,N,2,
KYTL_GC,FT_T_ATB1,DEST_SYST,VARCHAR2,40,,,N,3,
KYTL_GC,FT_T_ATB1,OBL_APP,VARCHAR2,40,,,N,4,
KYTL_GC,FT_T_ATB1,BROAD_CHECK,VARCHAR2,40,,,N,5,
KYTL_GC,FT_T_ATB1,LAST_CHG_TMS,DATE,7,,,N,6,
KYTL_GC,FT_T_ATB1,LAST_CHG_USR_ID,VARCHAR2,256,,,N,7,
KYTL_GC,FT_T_ATB1,DATA_SRC_ID,VARCHAR2,40,,,Y,8,
KYTL_GC,FT_T_ATB1,DATA_STAT_TYP,VARCHAR2,40,,,Y,9,
KYTL_GC,FT_T_ATB1,START_TMS,DATE,7,,,N,10,
KYTL_GC,FT_T_ATB1,END_TMS,DATE,7,,,Y,11,
KYTL_GC,FT_T_ATB1,ESB_CHECK,CHAR,4,,,Y,12,
KYTL_GC,FT_T_BCP1,BCP1_OID,CHAR,10,,,N,1,
KYTL_GC,FT_T_BCP1,ISGP_OID,CHAR,10,,,N,2,
KYTL_GC,FT_T_BCP1,ISS_GRP_OID,CHAR,10,,,N,3,
KYTL_GC,FT_T_BCP1,SHARES,NUMBER,22,,,Y,4,
KYTL_GC,FT_T_BCP1,FREE_FLOAT,NUMBER,22,,,Y,5,
KYTL_GC,FT_T_BCP1,CAPFACTOR,NUMBER,22,,,Y,6,
KYTL_GC,FT_T_BCP1,WEIGHTFACTOR,NUMBER,22,,,Y,7,
KYTL_GC,FT_T_BCP1,CLOSE_UNADJUSTED_LOCAL,NUMBER,22,,,Y,8,
KYTL_GC,FT_T_BCP1,CLOSE_ADJUSTED_LOCAL,NUMBER,22,,,Y,9,
KYTL_GC,FT_T_BCP1,FX_LOCAL_TO_INDEX_CURR,NUMBER,22,,,Y,10,
KYTL_GC,FT_T_BCP1,MCAP_UNITS_INDEX_CURRENCY,NUMBER,22,,,Y,11,
KYTL_GC,FT_T_BCP1,NUMBER_OF_SHARES,NUMBER,22,,,Y,12,
KYTL_GC,FT_T_BCP1,START_TMS,DATE,7,,,Y,13,
KYTL_GC,FT_T_BCP1,END_TMS,DATE,7,,,Y,14,
KYTL_GC,FT_T_BCP1,LAST_CHG_TMS,DATE,7,,,Y,15,
KYTL_GC,FT_T_BCP1,DATA_STAT_TYP,VARCHAR2,256,,,Y,16,
KYTL_GC,FT_T_BCP1,LAST_CHG_USR_ID,VARCHAR2,256,,,Y,17,
KYTL_GC,FT_T_CAC1,ID,VARCHAR2,30,,,N,1,
KYTL_GC,FT_T_CAC1,MSG,CLOB,4000,,,Y,2,
KYTL_GC,FT_T_CAC1,TYPE,VARCHAR2,30,,,N,3,
KYTL_GC,FT_T_CAC1,FILTER,VARCHAR2,10,,,Y,4,
KYTL_GC,FT_T_CAI1,CAI1_OID,CHAR,10,,,N,1,
KYTL_GC,FT_T_CAI1,ALT_ID,VARCHAR2,40,,,N,2,
KYTL_GC,FT_T_CAI1,ID_CTXT_TYP,VARCHAR2,20,,,Y,3,
KYTL_GC,FT_T_CAI1,CONTCT_OID,CHAR,10,,,N,4,
KYTL_GC,FT_T_CAI1,LAST_CHG_TMS,DATE,7,,,N,5,
KYTL_GC,FT_T_CAI1,LAST_CHG_USR_ID,VARCHAR2,256,,,N,6,
KYTL_GC,FT_T_CAI1,DATA_SRC_ID,VARCHAR2,40,,,Y,7,
KYTL_GC,FT_T_CAI1,DATA_STAT_TYP,VARCHAR2,40,,,Y,8,
KYTL_GC,FT_T_CAI1,START_TMS,DATE,7,,,N,9,
KYTL_GC,FT_T_CAI1,END_TMS,DATE,7,,,Y,10,
KYTL_GC,FT_T_CCA1,SERVICIO,VARCHAR2,20,,,N,1,
KYTL_GC,FT_T_CCA1,ID_RDR,VARCHAR2,20,,,N,2,
KYTL_GC,FT_T_CCA1,MSG,BLOB,4000,,,Y,3,
KYTL_GC,FT_T_CCA1,START_TMS,DATE,7,,,N,4,
KYTL_GC,FT_T_CCA1,LAST_CHG_TMS,DATE,7,,,N,5,
KYTL_GC,FT_T_CCA1,DATA_STAT_TYP,VARCHAR2,20,,,Y,6,
KYTL_GC,FT_T_CCA1,CHECK_DIFUSION,VARCHAR2,8,,,Y,7,
KYTL_GC,FT_T_CCT1,ID,VARCHAR2,30,,,N,1,
KYTL_GC,FT_T_CCT1,MSG,BLOB,4000,,,Y,2,
KYTL_GC,FT_T_COA1,COA1_OID,CHAR,10,,,N,1,
KYTL_GC,FT_T_COA1,SCIS_OID,CHAR,10,,,N,2,
KYTL_GC,FT_T_COA1,STAT_DEF_ID,CHAR,8,,,Y,3,
KYTL_GC,FT_T_COA1,FLD_VAL,VARCHAR2,40,,,Y,4,
KYTL_GC,FT_T_COA1,INDUS_CL_SET_ID,CHAR,10,,,Y,5,
KYTL_GC,FT_T_COA1,CLSF_OID,CHAR,10,,,Y,6,
KYTL_GC,FT_T_COA1,CL_VALUE,VARCHAR2,40,,,Y,7,
KYTL_GC,FT_T_COA1,LAST_CHG_TMS,DATE,7,,,N,8,
KYTL_GC,FT_T_COA1,LAST_CHG_USR_ID,VARCHAR2,256,,,N,9,
KYTL_GC,FT_T_COA1,DATA_SRC_ID,VARCHAR2,40,,,Y,10,
KYTL_GC,FT_T_COA1,DATA_STAT_TYP,VARCHAR2,40,,,Y,11,
KYTL_GC,FT_T_COA1,START_TMS,DATE,7,,,Y,12,
KYTL_GC,FT_T_COA1,END_TMS,DATE,7,,,Y,13,
KYTL_GC,FT_T_COA1,VAL_DATE,DATE,7,,,Y,14,
KYTL_GC,FT_T_COI1,COI1_OID,CHAR,10,,,N,1,
KYTL_GC,FT_T_COI1,ALT_ID,VARCHAR2,256,,,N,2,
KYTL_GC,FT_T_COI1,ID_CTXT_TYP,VARCHAR2,20,,,Y,3,
KYTL_GC,FT_T_COI1,SCIS_OID,CHAR,10,,,N,4,
KYTL_GC,FT_T_COI1,LAST_CHG_TMS,DATE,7,,,N,5,
KYTL_GC,FT_T_COI1,LAST_CHG_USR_ID,VARCHAR2,256,,,N,6,
KYTL_GC,FT_T_COI1,DATA_SRC_ID,VARCHAR2,40,,,Y,7,
KYTL_GC,FT_T_COI1,DATA_STAT_TYP,VARCHAR2,40,,,Y,8,
KYTL_GC,FT_T_COI1,START_TMS,DATE,7,,,N,9,
KYTL_GC,FT_T_COI1,END_TMS,DATE,7,,,Y,10,
KYTL_GC,FT_T_COT1,COT1_OID,CHAR,10,,,N,1,
KYTL_GC,FT_T_COT1,CONTCT_OID,CHAR,10,,,N,2,
KYTL_GC,FT_T_COT1,ORG_ID,CHAR,4,,,Y,3,
KYTL_GC,FT_T_COT1,SUBD_ID,CHAR,4,,,Y,4,
KYTL_GC,FT_T_COT1,STAT_DEF_ID,CHAR,8,,,Y,5,
KYTL_GC,FT_T_COT1,FLD_VAL,VARCHAR2,40,,,Y,6,
KYTL_GC,FT_T_COT1,INDUS_CL_SET_ID,CHAR,10,,,Y,7,
KYTL_GC,FT_T_COT1,CLSF_OID,CHAR,10,,,Y,8,
KYTL_GC,FT_T_COT1,CL_VALUE,VARCHAR2,40,,,Y,9,
KYTL_GC,FT_T_COT1,LAST_CHG_TMS,DATE,7,,,N,10,
KYTL_GC,FT_T_COT1,LAST_CHG_USR_ID,VARCHAR2,256,,,N,11,
KYTL_GC,FT_T_COT1,DATA_SRC_ID,VARCHAR2,40,,,Y,12,
KYTL_GC,FT_T_COT1,DATA_STAT_TYP,VARCHAR2,40,,,Y,13,
KYTL_GC,FT_T_COT1,START_TMS,DATE,7,,,Y,14,
KYTL_GC,FT_T_COT1,END_TMS,DATE,7,,,Y,15,
KYTL_GC,FT_T_COT1,SUBD_OID,CHAR,10,,,Y,16,
KYTL_GC,FT_T_EMM1,EMM1_OID,CHAR,10,,,N,1,
KYTL_GC,FT_T_EMM1,MSG_ID,CHAR,30,,,N,2,
KYTL_GC,FT_T_EMM1,MSG_TYPE,CHAR,1,,,N,3,
KYTL_GC,FT_T_EMM1,MSG_DESCRIPTION,VARCHAR2,256,,,N,4,
KYTL_GC,FT_T_EMM1,DATA_TYP,VARCHAR2,40,,,N,5,
KYTL_GC,FT_T_EMM1,DATA_CDE,VARCHAR2,40,,,Y,6,
KYTL_GC,FT_T_EMM1,BROADCAST_STATUS,VARCHAR2,40,,,N,7,
KYTL_GC,FT_T_EMM1,BROADCAST_SYSTEM,VARCHAR2,40,,,N,8,
KYTL_GC,FT_T_EMM1,BROADCAST_DATE,DATE,7,,,N,9,
KYTL_GC,FT_T_EMM1,END_DATE,DATE,7,,,Y,10,
KYTL_GC,FT_T_EMM1,MSG_ERROR_TYPE,VARCHAR2,20,,,Y,11,
KYTL_GC,FT_T_EXI1,EXI_OID,CHAR,10,,,N,1,
KYTL_GC,FT_T_EXI1,VAL_ID,VARCHAR2,255,,,N,2,
KYTL_GC,FT_T_EXI1,ID_CTXT_TYP,VARCHAR2,255,,,N,3,
KYTL_GC,FT_T_EXI1,COI1_OID,CHAR,10,,,Y,4,
KYTL_GC,FT_T_EXI1,LAID_OID,CHAR,10,,,Y,5,
KYTL_GC,FT_T_EXI1,DATA_STAT_TYP,VARCHAR2,255,,,Y,6,
KYTL_GC,FT_T_EXI1,LAST_CHG_USR_ID,VARCHAR2,256,,,Y,7,
KYTL_GC,FT_T_EXI1,DATA_SRC_ID,VARCHAR2,40,,,Y,8,
KYTL_GC,FT_T_EXI1,LAST_CHG_TMS,DATE,7,,,Y,9,
KYTL_GC,FT_T_EXI1,START_TMS,DATE,7,,,N,10,
KYTL_GC,FT_T_EXI1,END_TMS,DATE,7,,,Y,11,
KYTL_GC,FT_T_FLG1,FLG_OID,CHAR,10,,,N,1,
KYTL_GC,FT_T_FLG1,FLG_LEGAL_NME,VARCHAR2,256,,,N,2,
KYTL_GC,FT_T_FLG1,INST_MNEM,CHAR,10,,,Y,3,
KYTL_GC,FT_T_FLG1,START_TMS,DATE,7,,,N,4,
KYTL_GC,FT_T_FLG1,END_TMS,DATE,7,,,Y,5,
KYTL_GC,FT_T_FLG1,LAST_CHG_TMS,DATE,7,,,N,6,
KYTL_GC,FT_T_FLG1,LAST_CHG_USR_ID,VARCHAR2,40,,,N,7,
KYTL_GC,FT_T_FLG1,DATA_SRC_ID,VARCHAR2,40,,,Y,8,
KYTL_GC,FT_T_FLG1,DATA_STAT_TYP,VARCHAR2,20,,,Y,9,
KYTL_GC,FT_T_FLG1,ID_LEGAL,VARCHAR2,40,,,Y,10,
KYTL_GC,FT_T_FND1,FND1_OID,CHAR,10,,,N,1,
KYTL_GC,FT_T_FND1,FLAR_OID,CHAR,10,,,N,2,
KYTL_GC,FT_T_FND1,INST_MNEM,CHAR,10,,,Y,3,
KYTL_GC,FT_T_FND1,AGRMNT_INVL_PARTY_TYP,VARCHAR2,8,,,N,4,
KYTL_GC,FT_T_FND1,NETTING_APPLIES_IND,CHAR,1,,,Y,5,
KYTL_GC,FT_T_FND1,LEGAL_OPINION_IND,CHAR,1,,,Y,6,
KYTL_GC,FT_T_FND1,COLL_APPLIES_IND,CHAR,1,,,Y,7,
KYTL_GC,FT_T_FND1,COLL_LEGAL_OPINION_IND,CHAR,1,,,Y,8,
KYTL_GC,FT_T_FND1,INDUS_CL_SET_ID,CHAR,10,,,Y,9,
KYTL_GC,FT_T_FND1,CLSF_OID,CHAR,10,,,Y,10,
KYTL_GC,FT_T_FND1,CL_VALUE,VARCHAR2,40,,,Y,11,
KYTL_GC,FT_T_FND1,STAT_CHAR_VAL_TXT,VARCHAR2,254,,,Y,12,
KYTL_GC,FT_T_FND1,LAST_CHG_TMS,DATE,7,,,N,13,
KYTL_GC,FT_T_FND1,LAST_CHG_USR_ID,VARCHAR2,256,,,N,14,
KYTL_GC,FT_T_FND1,START_TMS,DATE,7,,,N,15,
KYTL_GC,FT_T_FND1,END_TMS,DATE,7,,,Y,16,
KYTL_GC,FT_T_FND1,DATA_STAT_TYP,VARCHAR2,20,,,Y,17,
KYTL_GC,FT_T_FND1,DATA_SRC_ID,VARCHAR2,40,,,Y,18,
KYTL_GC,FT_T_FND1,CALC_NETTING_LO,CHAR,1,,,Y,19,
KYTL_GC,FT_T_FND1,CALC_COLL_LO,CHAR,1,,,Y,20,
KYTL_GC,FT_T_FRA1,FRA1_OID,CHAR,10,,,N,1,
KYTL_GC,FT_T_FRA1,INST_MNEM,CHAR,10,,,N,2,
KYTL_GC,FT_T_FRA1,REG1_OID,CHAR,10,,,N,3,
KYTL_GC,FT_T_FRA1,FINSRL_INST_MNEM,CHAR,10,,,Y,4,
KYTL_GC,FT_T_FRA1,FINSRL_TYP,CHAR,8,,,Y,5,
KYTL_GC,FT_T_FRA1,STAT_DEF_ID,CHAR,8,,,Y,6,
KYTL_GC,FT_T_FRA1,FLD_VAL,VARCHAR2,1024,,,Y,7,
KYTL_GC,FT_T_FRA1,ISS_TYP,VARCHAR2,8,,,Y,8,
KYTL_GC,FT_T_FRA1,CLSF_OID,CHAR,10,,,Y,9,
KYTL_GC,FT_T_FRA1,CL_VALUE,VARCHAR2,40,,,Y,10,
KYTL_GC,FT_T_FRA1,LAST_CHG_TMS,DATE,7,,,N,11,
KYTL_GC,FT_T_FRA1,LAST_CHG_USR_ID,VARCHAR2,256,,,N,12,
KYTL_GC,FT_T_FRA1,DATA_SRC_ID,VARCHAR2,40,,,Y,13,
KYTL_GC,FT_T_FRA1,DATA_STAT_TYP,VARCHAR2,40,,,Y,14,
KYTL_GC,FT_T_FRA1,START_TMS,DATE,7,,,Y,15,
KYTL_GC,FT_T_FRA1,END_TMS,DATE,7,,,Y,16,
KYTL_GC,FT_T_FRA1,FINR_OID,CHAR,10,,,Y,17,
KYTL_GC,FT_T_FRA1,ORG_ID,CHAR,4,,,Y,18,
KYTL_GC,FT_T_FSA1,FSA1_OID,CHAR,10,,,N,1,
KYTL_GC,FT_T_FSA1,SUFR_OID,CHAR,10,,,N,2,
KYTL_GC,FT_T_FSA1,STAT_DEF_ID,CHAR,8,,,Y,3,
KYTL_GC,FT_T_FSA1,FLD_VAL,VARCHAR2,256,,,Y,4,
KYTL_GC,FT_T_FSA1,CLSF_OID,CHAR,10,,,Y,5,
KYTL_GC,FT_T_FSA1,CL_VALUE,VARCHAR2,40,,,Y,6,
KYTL_GC,FT_T_FSA1,LAST_CHG_TMS,DATE,7,,,N,7,
KYTL_GC,FT_T_FSA1,LAST_CHG_USR_ID,VARCHAR2,256,,,N,8,
KYTL_GC,FT_T_FSA1,DATA_SRC_ID,VARCHAR2,40,,,Y,9,
KYTL_GC,FT_T_FSA1,DATA_STAT_TYP,VARCHAR2,40,,,N,10,
KYTL_GC,FT_T_LAL1,LAL1_OID,CHAR,10,,,N,1,
KYTL_GC,FT_T_LAL1,LAGR_TYPE,VARCHAR2,50,,,N,2,
KYTL_GC,FT_T_LAL1,GU_ID,VARCHAR2,10,,,N,3,
KYTL_GC,FT_T_LAL1,GU_TYP,VARCHAR2,8,,,N,4,
KYTL_GC,FT_T_LAL1,GU_CNT,NUMBER,22,10,0,N,5,
KYTL_GC,FT_T_LAL1,COMMENTS,VARCHAR2,4000,,,Y,6,
KYTL_GC,FT_T_LAL1,INDUS_CL_SET_ID,CHAR,10,,,Y,7,
KYTL_GC,FT_T_LAL1,CLSF_OID,CHAR,10,,,Y,8,
KYTL_GC,FT_T_LAL1,CL_VALUE,VARCHAR2,40,,,Y,9,
KYTL_GC,FT_T_LAL1,INDUS_CL_SET_ID2,CHAR,10,,,Y,10,
KYTL_GC,FT_T_LAL1,CLSF_OID2,CHAR,10,,,Y,11,
KYTL_GC,FT_T_LAL1,CL_VALUE2,VARCHAR2,40,,,Y,12,
KYTL_GC,FT_T_LAL1,INDUS_CL_SET_ID3,CHAR,10,,,Y,13,
KYTL_GC,FT_T_LAL1,CLSF_OID3,CHAR,10,,,Y,14,
KYTL_GC,FT_T_LAL1,CL_VALUE3,VARCHAR2,40,,,Y,15,
KYTL_GC,FT_T_LAL1,LAST_CHG_TMS,DATE,7,,,N,16,
KYTL_GC,FT_T_LAL1,LAST_CHG_USR_ID,VARCHAR2,256,,,N,17,
KYTL_GC,FT_T_LAL1,START_TMS,DATE,7,,,N,18,
KYTL_GC,FT_T_LAL1,END_TMS,DATE,7,,,Y,19,
KYTL_GC,FT_T_LAL1,DATA_STAT_TYP,VARCHAR2,20,,,N,20,
KYTL_GC,FT_T_LAL1,DATA_SRC_ID,VARCHAR2,40,,,Y,21,
KYTL_GC,FT_T_LAL1,GUNT_OID,CHAR,10,,,Y,22,
KYTL_GC,FT_T_LAT1,LAT1_OID,CHAR,10,,,N,1,
KYTL_GC,FT_T_LAT1,LEG_AGRMNT_ID,CHAR,10,,,N,2,
KYTL_GC,FT_T_LAT1,ORG_ID,CHAR,4,,,N,3,
KYTL_GC,FT_T_LAT1,STAT_DEF_ID,VARCHAR2,10,,,Y,4,
KYTL_GC,FT_T_LAT1,FLD_VAL,VARCHAR2,2000,,,Y,5,
KYTL_GC,FT_T_LAT1,INDUS_CL_SET_ID,VARCHAR2,10,,,Y,6,
KYTL_GC,FT_T_LAT1,CLSF_OID,VARCHAR2,10,,,Y,7,
KYTL_GC,FT_T_LAT1,CL_VALUE,VARCHAR2,40,,,Y,8,
KYTL_GC,FT_T_LAT1,ISS_TYP,VARCHAR2,10,,,Y,9,
KYTL_GC,FT_T_LAT1,ISS_TYP_GRP_ID,VARCHAR2,10,,,Y,10,
KYTL_GC,FT_T_LAT1,LAT_USAGE_TYP,VARCHAR2,256,,,Y,11,
KYTL_GC,FT_T_LAT1,INST_MNEM,CHAR,10,,,Y,12,
KYTL_GC,FT_T_LAT1,REG1_OID,VARCHAR2,10,,,Y,13,
KYTL_GC,FT_T_LAT1,LAST_CHG_TMS,DATE,7,,,N,14,
KYTL_GC,FT_T_LAT1,LAST_CHG_USR_ID,VARCHAR2,256,,,N,15,
KYTL_GC,FT_T_LAT1,START_TMS,DATE,7,,,N,16,
KYTL_GC,FT_T_LAT1,END_TMS,DATE,7,,,Y,17,
KYTL_GC,FT_T_LAT1,DATA_STAT_TYP,VARCHAR2,20,,,Y,18,
KYTL_GC,FT_T_LAT1,DATA_SRC_ID,VARCHAR2,40,,,Y,19,
KYTL_GC,FT_T_LAT1,STAT_VAL_DTE,DATE,7,,,Y,20,
KYTL_GC,FT_T_LAT1,STAT_VAL_TMS,DATE,7,,,Y,21,
KYTL_GC,FT_T_LAT1,STAT_INT_VAL_NUM,NUMBER,22,10,0,Y,22,
KYTL_GC,FT_T_LAT1,STAT_CHAR_VAL_TXT,VARCHAR2,254,,,Y,23,
KYTL_GC,FT_T_LAT1,LAGR_OID,CHAR,10,,,Y,24,
KYTL_GC,FT_T_LAX1,LAX_OID,CHAR,10,,,N,1,
KYTL_GC,FT_T_LAX1,LAAN_OID,CHAR,10,,,Y,2,
KYTL_GC,FT_T_LAX1,STAT_DEF_ID,CHAR,8,,,Y,3,
KYTL_GC,FT_T_LAX1,STAT_VAL_DTE,DATE,7,,,Y,4,
KYTL_GC,FT_T_LAX1,STAT_INT_VAL_NUM,NUMBER,22,10,0,Y,5,
KYTL_GC,FT_T_LAX1,STAT_CHAR_VAL_TXT,VARCHAR2,254,,,Y,6,
KYTL_GC,FT_T_LAX1,INDUS_CL_SET_ID,CHAR,10,,,Y,7,
KYTL_GC,FT_T_LAX1,CLSF_OID,CHAR,10,,,Y,8,
KYTL_GC,FT_T_LAX1,CL_VALUE,VARCHAR2,40,,,Y,9,
KYTL_GC,FT_T_LAX1,RATING_TYPE,CHAR,10,,,Y,10,
KYTL_GC,FT_T_LAX1,RTNG_SET_OID,CHAR,10,,,Y,11,
KYTL_GC,FT_T_LAX1,RTNG_VALUE_OID,CHAR,10,,,Y,12,
KYTL_GC,FT_T_LAX1,RTNG_CDE,VARCHAR2,40,,,Y,13,
KYTL_GC,FT_T_LAX1,ISS_TYP,CHAR,8,,,Y,14,
KYTL_GC,FT_T_LAX1,INSTR_ID,CHAR,10,,,Y,15,
KYTL_GC,FT_T_LAX1,LAST_CHG_TMS,DATE,7,,,N,16,
KYTL_GC,FT_T_LAX1,LAST_CHG_USR_ID,VARCHAR2,256,,,N,17,
KYTL_GC,FT_T_LAX1,START_TMS,DATE,7,,,N,18,
KYTL_GC,FT_T_LAX1,END_TMS,DATE,7,,,Y,19,
KYTL_GC,FT_T_LAX1,DATA_STAT_TYP,VARCHAR2,20,,,Y,20,
KYTL_GC,FT_T_LAX1,DATA_SRC_ID,VARCHAR2,40,,,Y,21,
KYTL_GC,FT_T_LLD1,LLD1_OID,CHAR,10,,,N,1,
KYTL_GC,FT_T_LLD1,LAL1_OID,CHAR,10,,,N,2,
KYTL_GC,FT_T_LLD1,INDUS_CL_SET_ID,CHAR,10,,,Y,3,
KYTL_GC,FT_T_LLD1,CLSF_OID,CHAR,10,,,Y,4,
KYTL_GC,FT_T_LLD1,CL_VALUE,VARCHAR2,40,,,Y,5,
KYTL_GC,FT_T_LLD1,EXT_ISS_TYP_TXT,VARCHAR2,40,,,Y,6,
KYTL_GC,FT_T_LLD1,INDUS_CL_SET_ID2,CHAR,10,,,Y,7,
KYTL_GC,FT_T_LLD1,CLSF_OID2,CHAR,10,,,Y,8,
KYTL_GC,FT_T_LLD1,CL_VALUE2,VARCHAR2,40,,,Y,9,
KYTL_GC,FT_T_LLD1,INDUS_CL_SET_ID3,CHAR,10,,,Y,10,
KYTL_GC,FT_T_LLD1,CLSF_OID3,CHAR,10,,,Y,11,
KYTL_GC,FT_T_LLD1,CL_VALUE3,VARCHAR2,40,,,Y,12,
KYTL_GC,FT_T_LLD1,LAST_CHG_TMS,DATE,7,,,N,13,
KYTL_GC,FT_T_LLD1,LAST_CHG_USR_ID,VARCHAR2,256,,,N,14,
KYTL_GC,FT_T_LLD1,START_TMS,DATE,7,,,N,15,
KYTL_GC,FT_T_LLD1,END_TMS,DATE,7,,,Y,16,
KYTL_GC,FT_T_LLD1,DATA_STAT_TYP,VARCHAR2,20,,,N,17,
KYTL_GC,FT_T_LLD1,DATA_SRC_ID,VARCHAR2,40,,,Y,18,
KYTL_GC,FT_T_LPS1,LPS_OID,CHAR,10,,,N,1,
KYTL_GC,FT_T_LPS1,FLAR_OID,CHAR,10,,,Y,2,
KYTL_GC,FT_T_LPS1,STAT_DEF_ID,CHAR,8,,,Y,3,
KYTL_GC,FT_T_LPS1,STAT_VAL_DTE,DATE,7,,,Y,4,
KYTL_GC,FT_T_LPS1,STAT_INT_VAL_NUM,NUMBER,22,10,0,Y,5,
KYTL_GC,FT_T_LPS1,STAT_CHAR_VAL_TXT,VARCHAR2,2000,,,Y,6,
KYTL_GC,FT_T_LPS1,INDUS_CL_SET_ID,CHAR,10,,,Y,7,
KYTL_GC,FT_T_LPS1,CLSF_OID,CHAR,10,,,Y,8,
KYTL_GC,FT_T_LPS1,CL_VALUE,VARCHAR2,40,,,Y,9,
KYTL_GC,FT_T_LPS1,RATING_TYPE,CHAR,10,,,Y,10,
KYTL_GC,FT_T_LPS1,RTNG_SET_OID,CHAR,10,,,Y,11,
KYTL_GC,FT_T_LPS1,RTNG_VALUE_OID,CHAR,10,,,Y,12,
KYTL_GC,FT_T_LPS1,RTNG_CDE,VARCHAR2,40,,,Y,13,
KYTL_GC,FT_T_LPS1,ISS_TYP,CHAR,8,,,Y,14,
KYTL_GC,FT_T_LPS1,INSTR_ID,CHAR,10,,,Y,15,
KYTL_GC,FT_T_LPS1,LAST_CHG_TMS,DATE,7,,,N,16,
KYTL_GC,FT_T_LPS1,LAST_CHG_USR_ID,VARCHAR2,256,,,N,17,
KYTL_GC,FT_T_LPS1,START_TMS,DATE,7,,,N,18,
KYTL_GC,FT_T_LPS1,END_TMS,DATE,7,,,Y,19,
KYTL_GC,FT_T_LPS1,DATA_STAT_TYP,VARCHAR2,20,,,Y,20,
KYTL_GC,FT_T_LPS1,DATA_SRC_ID,VARCHAR2,40,,,Y,21,
KYTL_GC,FT_T_LPS1,STAT_CHAR_VAL_TXT_1,VARCHAR2,2000,,,Y,22,
KYTL_GC,FT_T_LPX1,LPX_OID,CHAR,10,,,N,1,
KYTL_GC,FT_T_LPX1,LAAP_OID,CHAR,10,,,Y,2,
KYTL_GC,FT_T_LPX1,STAT_DEF_ID,CHAR,8,,,Y,3,
KYTL_GC,FT_T_LPX1,STAT_VAL_DTE,DATE,7,,,Y,4,
KYTL_GC,FT_T_LPX1,STAT_INT_VAL_NUM,NUMBER,22,10,0,Y,5,
KYTL_GC,FT_T_LPX1,STAT_CHAR_VAL_TXT,VARCHAR2,254,,,Y,6,
KYTL_GC,FT_T_LPX1,INDUS_CL_SET_ID,CHAR,10,,,Y,7,
KYTL_GC,FT_T_LPX1,CLSF_OID,CHAR,10,,,Y,8,
KYTL_GC,FT_T_LPX1,CL_VALUE,VARCHAR2,40,,,Y,9,
KYTL_GC,FT_T_LPX1,RATING_TYPE,CHAR,10,,,Y,10,
KYTL_GC,FT_T_LPX1,RTNG_SET_OID,CHAR,10,,,Y,11,
KYTL_GC,FT_T_LPX1,RTNG_VALUE_OID,CHAR,10,,,Y,12,
KYTL_GC,FT_T_LPX1,RTNG_CDE,VARCHAR2,40,,,Y,13,
KYTL_GC,FT_T_LPX1,ISS_TYP,CHAR,8,,,Y,14,
KYTL_GC,FT_T_LPX1,INSTR_ID,CHAR,10,,,Y,15,
KYTL_GC,FT_T_LPX1,LAST_CHG_TMS,DATE,7,,,N,16,
KYTL_GC,FT_T_LPX1,LAST_CHG_USR_ID,VARCHAR2,256,,,N,17,
KYTL_GC,FT_T_LPX1,START_TMS,DATE,7,,,N,18,
KYTL_GC,FT_T_LPX1,END_TMS,DATE,7,,,Y,19,
KYTL_GC,FT_T_LPX1,DATA_STAT_TYP,VARCHAR2,20,,,Y,20,
KYTL_GC,FT_T_LPX1,DATA_SRC_ID,VARCHAR2,40,,,Y,21,
KYTL_GC,FT_T_LRT1,LRT1_OID,CHAR,10,,,N,1,
KYTL_GC,FT_T_LRT1,LEG_AGRMNT_ID,CHAR,10,,,Y,2,
KYTL_GC,FT_T_LRT1,ORG_ID,CHAR,4,,,Y,3,
KYTL_GC,FT_T_LRT1,LAAN_OID,CHAR,10,,,Y,4,
KYTL_GC,FT_T_LRT1,EXEC_TRD_ID,VARCHAR2,1024,,,Y,5,
KYTL_GC,FT_T_LRT1,RST_TYP,VARCHAR2,20,,,Y,6,
KYTL_GC,FT_T_LRT1,RST_REAS_TYP,VARCHAR2,20,,,Y,7,
KYTL_GC,FT_T_LRT1,RST_DESC,VARCHAR2,2000,,,Y,8,
KYTL_GC,FT_T_LRT1,LAST_CHG_TMS,DATE,7,,,N,9,
KYTL_GC,FT_T_LRT1,LAST_CHG_USR_ID,VARCHAR2,256,,,N,10,
KYTL_GC,FT_T_LRT1,START_TMS,DATE,7,,,N,11,
KYTL_GC,FT_T_LRT1,END_TMS,DATE,7,,,Y,12,
KYTL_GC,FT_T_LRT1,DATA_STAT_TYP,VARCHAR2,20,,,Y,13,
KYTL_GC,FT_T_LRT1,DATA_SRC_ID,VARCHAR2,40,,,Y,14,
KYTL_GC,FT_T_LRT1,LAGR_OID,CHAR,10,,,Y,15,
KYTL_GC,FT_T_PAR1,PAR1_OID,CHAR,10,,,N,1,
KYTL_GC,FT_T_PAR1,ACT1_OID,CHAR,10,,,N,2,
KYTL_GC,FT_T_PAR1,PARAMETER_CTXT_TYP,VARCHAR2,20,,,N,3,
KYTL_GC,FT_T_PAR1,PAR1_NME,VARCHAR2,256,,,N,4,
KYTL_GC,FT_T_PAR1,PAR1_VALUE,VARCHAR2,256,,,Y,5,
KYTL_GC,FT_T_PAR1,PAR1_VALUE_CLOB,CLOB,4000,,,Y,6,
KYTL_GC,FT_T_PAR1,LAST_CHG_TMS,DATE,7,,,N,7,
KYTL_GC,FT_T_PAR1,LAST_CHG_USR_ID,VARCHAR2,256,,,N,8,
KYTL_GC,FT_T_PAR1,DATA_SRC_ID,VARCHAR2,40,,,Y,9,
KYTL_GC,FT_T_PAR1,DATA_STAT_TYP,VARCHAR2,40,,,Y,10,
KYTL_GC,FT_T_PAR1,START_TMS,DATE,7,,,Y,11,
KYTL_GC,FT_T_PAR1,END_TMS,DATE,7,,,Y,12,
KYTL_GC,FT_T_REG1,REG1_OID,CHAR,10,,,N,1,
KYTL_GC,FT_T_REG1,REG_NME,VARCHAR2,20,,,N,2,
KYTL_GC,FT_T_REG1,REG_DESC,VARCHAR2,1024,,,Y,3,
KYTL_GC,FT_T_REG1,CAL_ID,VARCHAR2,10,,,Y,4,
KYTL_GC,FT_T_REG1,LAST_CHG_TMS,DATE,7,,,N,5,
KYTL_GC,FT_T_REG1,LAST_CHG_USR_ID,VARCHAR2,256,,,N,6,
KYTL_GC,FT_T_REG1,DATA_STAT_TYP,VARCHAR2,40,,,Y,7,
KYTL_GC,FT_T_REG1,START_TMS,DATE,7,,,N,8,
KYTL_GC,FT_T_REG1,END_TMS,DATE,7,,,Y,9,
KYTL_GC,FT_T_REI1,REL_FRID_OID,CHAR,10,,,N,1,
KYTL_GC,FT_T_REI1,FRID_OID,CHAR,10,,,N,2,
KYTL_GC,FT_T_REI1,SUB_RL_ID_CTXT_TYP,VARCHAR2,20,,,N,3,
KYTL_GC,FT_T_REI1,SUB_RL_ID,VARCHAR2,40,,,N,4,
KYTL_GC,FT_T_REI1,SUB_TYP,VARCHAR2,20,,,Y,5,
KYTL_GC,FT_T_REI1,SUB_RL_DESC,VARCHAR2,254,,,Y,6,
KYTL_GC,FT_T_REI1,START_TMS,DATE,7,,,N,7,
KYTL_GC,FT_T_REI1,END_TMS,DATE,7,,,Y,8,
KYTL_GC,FT_T_REI1,LAST_CHG_TMS,DATE,7,,,N,9,
KYTL_GC,FT_T_REI1,LAST_CHG_USR_ID,VARCHAR2,256,,,N,10,
KYTL_GC,FT_T_REI1,DATA_STAT_TYP,VARCHAR2,20,,,Y,11,
KYTL_GC,FT_T_REI1,DATA_SRC_ID,VARCHAR2,40,,,Y,12,
KYTL_GC,FT_T_RLT1,RLT_OID,CHAR,10,,,N,1,
KYTL_GC,FT_T_RLT1,JOB_ID,VARCHAR2,40,,,Y,2,
KYTL_GC,FT_T_RLT1,TRN_ID,CHAR,16,,,Y,3,
KYTL_GC,FT_T_RLT1,RECORD_SEQ_NUM,NUMBER,22,10,0,Y,4,
KYTL_GC,FT_T_RLT1,RLT_STATUS,NUMBER,22,4,0,Y,5,
KYTL_GC,FT_T_RLT1,RLT_DIF_STAT,VARCHAR2,40,,,Y,6,
KYTL_GC,FT_T_RLT1,RLT_DIF_ACC,VARCHAR2,40,,,Y,7,
KYTL_GC,FT_T_RLT1,MESSAGE_RLT,VARCHAR2,256,,,Y,8,
KYTL_GC,FT_T_RLT1,RLT_FIELD,VARCHAR2,40,,,Y,9,
KYTL_GC,FT_T_RLT1,RLT_PURP_TYP,VARCHAR2,40,,,Y,10,
KYTL_GC,FT_T_RLT1,DATA_SRC_APP,VARCHAR2,40,,,Y,11,
KYTL_GC,FT_T_RLT1,SRC_FIELD,VARCHAR2,40,,,Y,12,
KYTL_GC,FT_T_RLT1,SRC_VALUE,VARCHAR2,40,,,Y,13,
KYTL_GC,FT_T_RLT1,GS_FIELD,VARCHAR2,40,,,Y,14,
KYTL_GC,FT_T_RLT1,GS_VALUE,VARCHAR2,40,,,Y,15,
KYTL_GC,FT_T_RLT1,MAIN_ENTITY_NME,VARCHAR2,30,,,N,16,
KYTL_GC,FT_T_RLT1,MAIN_ENTITY_ID,VARCHAR2,30,,,N,17,
KYTL_GC,FT_T_RLT1,START_TMS,DATE,7,,,N,18,
KYTL_GC,FT_T_RLT1,END_TMS,DATE,7,,,Y,19,
KYTL_GC,FT_T_RLT1,LAST_CHG_TMS,DATE,7,,,N,20,
KYTL_GC,FT_T_RLT1,LAST_CHG_USR_ID,VARCHAR2,40,,,N,21,
KYTL_GC,FT_T_RRM1,MSG_REQ,VARCHAR2,4000,,,N,1,
KYTL_GC,FT_T_RRM1,START_TMS,DATE,7,,,N,2,
KYTL_GC,FT_T_RRM1,END_TMS,DATE,7,,,Y,3,
KYTL_GC,FT_T_RRM1,LAST_CHG_TMS,DATE,7,,,N,4,
KYTL_GC,FT_T_RRM1,LAST_CHG_USR_ID,VARCHAR2,256,,,N,5,
KYTL_GC,FT_T_RRM1,DATA_STAT_TYP,VARCHAR2,20,,,Y,6,
KYTL_GC,FT_T_RRM1,DATA_SRC_ID,VARCHAR2,40,,,Y,7,
KYTL_GC,FT_T_SAA1,SAA1_OID,CHAR,10,,,N,1,
KYTL_GC,FT_T_SAA1,BBINDSEC_NME,VARCHAR2,255,,,Y,2,
KYTL_GC,FT_T_SAA1,BBINDSGR_VALUE,VARCHAR2,255,,,Y,3,
KYTL_GC,FT_T_SAA1,BBINDSGR_NME,VARCHAR2,255,,,Y,4,
KYTL_GC,FT_T_SAA1,SECT_VALUE,VARCHAR2,255,,,Y,5,
KYTL_GC,FT_T_SAA1,SUBSECT_VALUE,VARCHAR2,255,,,Y,6,
KYTL_GC,FT_T_SAA1,ACTVT_VALUE,VARCHAR2,255,,,Y,7,
KYTL_GC,FT_T_SAA1,START_TMS,DATE,7,,,Y,8,
KYTL_GC,FT_T_SAA1,END_TMS,DATE,7,,,Y,9,
KYTL_GC,FT_T_SAA1,LAST_CHG_TMS,DATE,7,,,N,10,
KYTL_GC,FT_T_SAA1,LAST_CHG_USR_ID,VARCHAR2,256,,,N,11,
KYTL_GC,FT_T_SAA1,DATA_STAT_TYP,VARCHAR2,20,,,Y,12,
KYTL_GC,FT_T_SAA2,SAA2_OID,CHAR,10,,,N,1,
KYTL_GC,FT_T_SAA2,REF_TRBC_ACTVT_CODE,VARCHAR2,10,,,Y,2,
KYTL_GC,FT_T_SAA2,REF_ENTITY_SUBTYPE,VARCHAR2,5,,,Y,3,
KYTL_GC,FT_T_SAA2,REF_SECT_VALUE,VARCHAR2,255,,,Y,4,
KYTL_GC,FT_T_SAA2,REF_SUBSECT_VALUE,VARCHAR2,255,,,Y,5,
KYTL_GC,FT_T_SAA2,REF_ACTVT_VALUE,VARCHAR2,255,,,Y,6,
KYTL_GC,FT_T_SAA2,START_TMS,DATE,7,,,Y,7,
KYTL_GC,FT_T_SAA2,END_TMS,DATE,7,,,Y,8,
KYTL_GC,FT_T_SAA2,LAST_CHG_TMS,DATE,7,,,N,9,
KYTL_GC,FT_T_SAA2,LAST_CHG_USR_ID,VARCHAR2,255,,,N,10,
KYTL_GC,FT_T_SAA2,DATA_STAT_TYP,VARCHAR2,20,,,Y,11,
KYTL_GC,FT_T_SAI1,SAI1_OID,CHAR,10,,,N,1,
KYTL_GC,FT_T_SAI1,ALT_ID,VARCHAR2,256,,,N,2,
KYTL_GC,FT_T_SAI1,ID_CTXT_TYP,VARCHAR2,20,,,Y,3,
KYTL_GC,FT_T_SAI1,SSI_OID,CHAR,10,,,N,4,
KYTL_GC,FT_T_SAI1,LAST_CHG_TMS,DATE,7,,,N,5,
KYTL_GC,FT_T_SAI1,LAST_CHG_USR_ID,VARCHAR2,256,,,N,6,
KYTL_GC,FT_T_SAI1,DATA_SRC_ID,VARCHAR2,40,,,Y,7,
KYTL_GC,FT_T_SAI1,DATA_STAT_TYP,VARCHAR2,40,,,Y,8,
KYTL_GC,FT_T_SAI1,START_TMS,DATE,7,,,N,9,
KYTL_GC,FT_T_SAI1,END_TMS,DATE,7,,,Y,10,
KYTL_GC,FT_T_SAP1,SAP1_OID,CHAR,10,,,N,1,
KYTL_GC,FT_T_SAP1,SSIR_OID,CHAR,10,,,N,2,
KYTL_GC,FT_T_SAP1,STAT_DEF_ID,CHAR,8,,,Y,3,
KYTL_GC,FT_T_SAP1,FLD_VAL,VARCHAR2,40,,,Y,4,
KYTL_GC,FT_T_SAP1,INDUS_CL_SET_ID,CHAR,10,,,Y,5,
KYTL_GC,FT_T_SAP1,CLSF_OID,CHAR,10,,,Y,6,
KYTL_GC,FT_T_SAP1,CL_VALUE,VARCHAR2,40,,,Y,7,
KYTL_GC,FT_T_SAP1,LAST_CHG_TMS,DATE,7,,,N,8,
KYTL_GC,FT_T_SAP1,LAST_CHG_USR_ID,VARCHAR2,256,,,N,9,
KYTL_GC,FT_T_SAP1,DATA_SRC_ID,VARCHAR2,40,,,Y,10,
KYTL_GC,FT_T_SAP1,DATA_STAT_TYP,VARCHAR2,40,,,Y,11,
KYTL_GC,FT_T_SAP1,START_TMS,DATE,7,,,Y,12,
KYTL_GC,FT_T_SAP1,END_TMS,DATE,7,,,Y,13,
KYTL_GC,FT_T_SAT1,SAT1_OID,CHAR,10,,,N,1,
KYTL_GC,FT_T_SAT1,SSI_OID,CHAR,10,,,N,2,
KYTL_GC,FT_T_SAT1,STAT_DEF_ID,CHAR,8,,,Y,3,
KYTL_GC,FT_T_SAT1,FLD_VAL,VARCHAR2,256,,,Y,4,
KYTL_GC,FT_T_SAT1,INDUS_CL_SET_ID,CHAR,10,,,Y,5,
KYTL_GC,FT_T_SAT1,CLSF_OID,CHAR,10,,,Y,6,
KYTL_GC,FT_T_SAT1,CL_VALUE,VARCHAR2,40,,,Y,7,
KYTL_GC,FT_T_SAT1,LAST_CHG_TMS,DATE,7,,,N,8,
KYTL_GC,FT_T_SAT1,LAST_CHG_USR_ID,VARCHAR2,256,,,N,9,
KYTL_GC,FT_T_SAT1,DATA_SRC_ID,VARCHAR2,40,,,Y,10,
KYTL_GC,FT_T_SAT1,DATA_STAT_TYP,VARCHAR2,40,,,Y,11,
KYTL_GC,FT_T_SAT1,START_TMS,DATE,7,,,Y,12,
KYTL_GC,FT_T_SAT1,END_TMS,DATE,7,,,Y,13,
KYTL_GC,FT_T_SAT1,ORG_ID,CHAR,4,,,Y,14,
KYTL_GC,FT_T_SAT1,SUBD_ID,CHAR,4,,,Y,15,
KYTL_GC,FT_T_SAT1,VAL_DATE,DATE,7,,,Y,16,
KYTL_GC,FT_T_SCA1,SCA1_OID,CHAR,10,,,N,1,
KYTL_GC,FT_T_SCA1,FRID_OID,CHAR,10,,,Y,2,
KYTL_GC,FT_T_SCA1,ORG_ID,CHAR,4,,,Y,3,
KYTL_GC,FT_T_SCA1,PURP_TYP,VARCHAR2,20,,,Y,4,
KYTL_GC,FT_T_SCA1,SCIS_OID,CHAR,10,,,N,5,
KYTL_GC,FT_T_SCA1,SCMO_OID,CHAR,10,,,Y,6,
KYTL_GC,FT_T_SCA1,ISS_TYP,VARCHAR2,8,,,Y,7,
KYTL_GC,FT_T_SCA1,LAST_CHG_TMS,DATE,7,,,N,8,
KYTL_GC,FT_T_SCA1,LAST_CHG_USR_ID,VARCHAR2,256,,,N,9,
KYTL_GC,FT_T_SCA1,DATA_SRC_ID,VARCHAR2,40,,,Y,10,
KYTL_GC,FT_T_SCA1,START_TMS,DATE,7,,,N,11,
KYTL_GC,FT_T_SCA1,END_TMS,DATE,7,,,Y,12,
KYTL_GC,FT_T_SCA1,DATA_STAT_TYP,VARCHAR2,40,,,Y,13,
KYTL_GC,FT_T_SCA1,SUBDIV_ID,CHAR,4,,,Y,14,
KYTL_GC,FT_T_SCA1,SUBD_OID,CHAR,10,,,Y,15,
KYTL_GC,FT_T_TBC1,TBC1_OID,CHAR,10,,,N,1,
KYTL_GC,FT_T_TBC1,ACCT_GRP_OID,CHAR,10,,,N,2,
KYTL_GC,FT_T_TBC1,TMZ_TMZ,CHAR,8,,,Y,3,
KYTL_GC,FT_T_TBC1,ACGR_CURR_CDE,CHAR,3,,,Y,4,
KYTL_GC,FT_T_TBC1,CAL_ID,VARCHAR2,10,,,Y,5,
KYTL_GC,FT_T_TBC1,EOD_TIME,DATE,7,,,Y,6,
KYTL_GC,FT_T_TBC1,ACTIVITY,VARCHAR2,256,,,Y,7,
KYTL_GC,FT_T_TBC1,LAST_CHG_TMS,DATE,7,,,N,8,
KYTL_GC,FT_T_TBC1,LAST_CHG_USR_ID,VARCHAR2,256,,,N,9,
KYTL_GC,FT_T_TBC1,DATA_STAT_TYP,VARCHAR2,40,,,Y,10,
KYTL_GC,FT_T_TBC1,START_TMS,DATE,7,,,N,11,
KYTL_GC,FT_T_TBC1,END_TMS,DATE,7,,,Y,12,
KYTL_GC,FT_T_TBC1,TBC1_FINS,CHAR,10,,,Y,13,
KYTL_GC,FT_T_UTD1,UTD_OID,CHAR,10,,,N,1,
KYTL_GC,FT_T_UTD1,UTD_EXT_ID,CHAR,10,,,Y,2,
KYTL_GC,FT_T_UTD1,UTD_USAGE_TYP,CHAR,10,,,N,3,
KYTL_GC,FT_T_UTD1,REG_NUM,NUMBER,22,,,N,4,
KYTL_GC,FT_T_UTD1,UTD_ID_PURP_TYP,CHAR,10,,,N,5,
KYTL_GC,FT_T_UTD1,UTD_ID,VARCHAR2,256,,,N,6,
KYTL_GC,FT_T_UTD1,ASSOC_INST_MNEM,CHAR,10,,,Y,7,
KYTL_GC,FT_T_UTD1,LAST_CHG_TMS,DATE,7,,,N,8,
KYTL_GC,FT_T_UTD1,LAST_CHG_USR_ID,VARCHAR2,256,,,N,9,
KYTL_GC,FT_T_UTD1,DATA_SRC_ID,VARCHAR2,40,,,Y,10,
KYTL_GC,FT_T_UTD1,DATA_STAT_TYP,VARCHAR2,40,,,Y,11,
KYTL_GC,FT_T_UTD1,START_TMS,DATE,7,,,N,12,
KYTL_GC,FT_T_UTD1,END_TMS,DATE,7,,,Y,13,
