NOMBRE,OWNER_REAL,TABLA_REAL,TIPO
FT_T_ALG1,KYTL_GC,TABLEALERTGENER,SINONIMO KYTL_GC
FT_T_ALM1,KYTL_GC,TABLEALERTMAILING,SINONIMO KYTL_GC
FT_T_ALR1,KYTL_GC,TABLEALERTREPORT,SINONIMO KYTL_GC
FT_T_ATB1,KYTL_GC,APPLICATIONS_TO_BROADCAST,SINONIMO KYTL_GC
FT_T_BCP1,KYTL_GC,BASKET_COMPONENT_PROP,SINONIMO KYTL_GC
FT_T_CAC1,KYTL_GC,CACHE_ALL_COUNTERPARTIES,SINONIMO KYTL_GC
FT_T_CAI1,KYTL_GC,CONTACT_ALT_IDENTIF,SINONIMO KYTL_GC
FT_T_CCA1,KYTL_GC,CACHE_COPY_ABACO,SINONIMO KYTL_GC
FT_T_CCT1,KYTL_GC,CACHE_COUNTERPARTIES2,SINONIMO KYTL_GC
FT_T_COA1,KYTL_GC,CONFIRMATION_ATTRIBUTES,SINONIMO KYTL_GC
FT_T_COI1,KYTL_GC,CONFIRMATION_IDENTIF,SINONIMO KYTL_GC
FT_T_COT1,KYTL_GC,CONTACT_ATTRIBUTES,SINONIMO KYTL_GC
FT_T_EMM1,KYTL_GC,ERROR_MESSAGES_MANAGEMENT,SINONIMO KYTL_GC
FT_T_EXI1,KYTL_GC,EXTERNAL_IDENTIFIER,SINONIMO KYTL_GC
FT_T_FLG1,KYTL_GC,FINANCIAL_LEGAL_NAMES,SINONIMO KYTL_GC
FT_T_FND1,KYTL_GC,LEGAL_AGR_FUNDS,SINONIMO KYTL_GC
FT_T_FRA1,KYTL_GC,FINS_REGULATION_ATTR,SINONIMO KYTL_GC
FT_T_FSA1,KYTL_GC,FINS_SUBDIVISION_ATTR,SINONIMO KYTL_GC
FT_T_LAL1,KYTL_GC,LEGAL_OPINION,SINONIMO KYTL_GC
FT_T_LAT1,KYTL_GC,LEGAL_AGREEMENT_ATTRIBUTES,SINONIMO KYTL_GC
FT_T_LAX1,KYTL_GC,LEGAL_ANEX_STAT,SINONIMO KYTL_GC
FT_T_LLD1,KYTL_GC,LEGAL_OPINION_DETAILS,SINONIMO KYTL_GC
FT_T_LPS1,KYTL_GC,LEGAL_PART_STAT,SINONIMO KYTL_GC
FT_T_LPX1,KYTL_GC,LEGAL_AP_STAT,SINONIMO KYTL_GC
FT_T_LRT1,KYTL_GC,LEGAL_AGR_REST_TRADES,SINONIMO KYTL_GC
FT_T_PAR1,KYTL_GC,PARAMETERS_TO_USE,SINONIMO KYTL_GC
FT_T_REG1,KYTL_GC,REGULATORY_INFO,SINONIMO KYTL_GC
FT_T_REI1,KYTL_GC,RELATION_IDENTIFIERS,SINONIMO KYTL_GC
FT_T_RLT1,KYTL_GC,REGISTER_LOG_TABLE,SINONIMO KYTL_GC
FT_T_RRM1,KYTL_GC,REQUEST_RESPONSE_MANAGEMENT,SINONIMO KYTL_GC
FT_T_SAA1,KYTL_GC,SECT_ASSET_ALLOCATION,SINONIMO KYTL_GC
FT_T_SAA2,KYTL_GC,SECT_ASSET_ALLOCATION2,SINONIMO KYTL_GC
FT_T_SAI1,KYTL_GC,STAND_SETT_ALT_IDENTIF,SINONIMO KYTL_GC
FT_T_SAP1,KYTL_GC,SETTLEMENT_ATTR_PARTICIPANT,SINONIMO KYTL_GC
FT_T_SAT1,KYTL_GC,SETTLEMENT_ATTRIBUTES,SINONIMO KYTL_GC
FT_T_SCA1,KYTL_GC,STAND_CONF_ASSIGNMENT,SINONIMO KYTL_GC
FT_T_TBC1,KYTL_GC,TRADING_BOOK,SINONIMO KYTL_GC
FT_T_UTD1,KYTL_GC,UI_TEMPORAL_DATA,SINONIMO KYTL_GC
