TABLA,FILAS_XML
FINANCIAL_LEGAL_NAMES,<?xml version="1.0"?>
<ROWSET>
 <ROW>
  <FLG_OID>/IstG7gtW1</FLG_OID>
  <FLG_LEGAL_NME>TETSING-PRUEBA-HUELLA</FLG_LEGAL_NME>
  <INST_MNEM>/IsoG7gtW1</INST_MNEM>
  <START_TMS>2026-10-01 10:27:31</START_TMS>
  <LAST_CHG_TMS>2026-10-01 10:31:29</LAST_CHG_TMS>
  <LAST_CHG_USR_ID>T045519</LAST_CHG_USR_ID>
  <DATA_SRC_ID>ABACO</DATA_SRC_ID>
  <DATA_STAT_TYP>ACTIVE</DATA_STAT_TYP>
 </ROW>
 <ROW>
  <FLG_OID>/Is%L7gtW1</FLG_OID>
  <FLG_LEGAL_NME>TESTING-PROBANDO</FLG_LEGAL_NME>
  <INST_MNEM>/IsxL7gtW1</INST_MNEM>
  <START_TMS>2026-10-01 12:05:22</START_TMS>
  <LAST_CHG_TMS>2026-10-01 12:06:46</LAST_CHG_TMS>
  <LAST_CHG_USR_ID>T045519</LAST_CHG_USR_ID>
  <DATA_SRC_ID>ABACO</DATA_SRC_ID>
  <DATA_STAT_TYP>ACTIVE</DATA_STAT_TYP>
 </ROW>
 <ROW>
  <FLG_OID>/IsNM7gtW1</FLG_OID>
  <FLG_LEGAL_NME>TSSTTST</FLG_LEGAL_NME>
  <INST_MNEM>/IsJM7gtW1</INST_MNEM>
  <START_TMS>2026-10-01 12:28:13</START_TMS>
  <LAST_CHG_TMS>2026-10-01 12:49:42</LAST_CHG_TMS>
  <LAST_CHG_USR_ID>T045519</LAST_CHG_USR_ID>
  <DATA_SRC_ID>ABACO</DATA_SRC_ID>
  <DATA_STAT_TYP>ACTIVE</DATA_STAT_TYP>
 </ROW>
</ROWSET>

FT_T_COMC,<?xml version="1.0"?>
<ROWSET>
 <ROW>
  <TRN_ID>00AhPTg1S414i003</TRN_ID>
  <LAST_UPD_TMS>2026-09-16 02:10:06</LAST_UPD_TMS>
 </ROW>
 <ROW>
  <TRN_ID>00AhRxc1S414i000</TRN_ID>
  <LAST_UPD_TMS>2026-09-16 11:17:12</LAST_UPD_TMS>
 </ROW>
 <ROW>
  <TRN_ID>++AhRxunS414i006</TRN_ID>
  <LAST_UPD_TMS>2026-09-16 14:31:25</LAST_UPD_TMS>
 </ROW>
 <ROW>
  <TRN_ID>00AhSxPXS414i000</TRN_ID>
  <LAST_UPD_TMS>2026-09-16 15:49:26</LAST_UPD_TMS>
 </ROW>
 <ROW>
  <TRN_ID>00AhSx51S414i001</TRN_ID>
  <LAST_UPD_TMS>2026-09-16 15:50:53</LAST_UPD_TMS>
 </ROW>
 <ROW>
  <TRN_ID>++AhSx7nS414i001</TRN_ID>
  <LAST_UPD_TMS>2026-09-16 15:51:59</LAST_UPD_TMS>
 </ROW>
 <ROW>
  <TRN_ID>00AhSx61S414i003</TRN_ID>
  <LAST_UPD_TMS>2026-09-16 17:02:08</LAST_UPD_TMS>
 </ROW>
 <ROW>
  <TRN_ID>++Ahth0nS414i001</TRN_ID>
  <LAST_UPD_TMS>2026-09-21 17:58:32</LAST_UPD_TMS>
 </ROW>
 <ROW>
  <TRN_ID>+-AhtrUnS414i001</TRN_ID>
  <LAST_UPD_TMS>2026-09-21 18:45:08</LAST_UPD_TMS>
 </ROW>
 <ROW>
  <TRN_ID>00AhxItXS414i04o</TRN_ID>
  <LAST_UPD_TMS>2026-09-22 10:50:57</LAST_UPD_TMS>
 </ROW>
 <ROW>
  <TRN_ID>00AhxItXS414i04p</TRN_ID>
  <LAST_UPD_TMS>2026-09-22 10:50:57</LAST_UPD_TMS>
 </ROW>
 <ROW>
  <TRN_ID>00AhxItXS414i04j</TRN_ID>
  <LAST_UPD_TMS>2026-09-22 10:50:57</LAST_UPD_TMS>
 </ROW>
 <ROW>
  <TRN_ID>00AhxItXS414i04n</TRN_ID>
  <LAST_UPD_TMS>2026-09-22 10:50:58</LAST_UPD_TMS>
 </ROW>
 <ROW>
  <TRN_ID>05Ahxe7XS414i007</TRN_ID>
  <LAST_UPD_TMS>2026-09-22 11:40:16</LAST_UPD_TMS>
 </ROW>
 <ROW>
  <TRN_ID>05Ahxe7XS414i002</TRN_ID>
  <LAST_UPD_TMS>2026-09-22 11:40:16</LAST_UPD_TMS>
 </ROW>
 <ROW>
  <TRN_ID>05Ahxe7XS414i006</TRN_ID>
  <LAST_UPD_TMS>2026-09-22 11:40:17</LAST_UPD_TMS>
 </ROW>
 <ROW>
  <TRN_ID>+wAhxhQHS414i003</TRN_ID>
  <LAST_UPD_TMS>2026-09-22 12:11:39</LAST_UPD_TMS>
 </ROW>
 <ROW>
  <TRN_ID>00Ahxe7XS414i00E</TRN_ID>
  <LAST_UPD_TMS>2026-09-22 12:32:33</LAST_UPD_TMS>
 </ROW>
 <ROW>
  <TRN_ID>00Ahxe7XS414i006</TRN_ID>
  <LAST_UPD_TMS>2026-09-22 12:32:33</LAST_UPD_TMS>
 </ROW>
 <ROW>
  <TRN_ID>00Ahxe7XS414i00D</TRN_ID>
  <LAST_UPD_TMS>2026-09-22 12:32:33</LAST_UPD_TMS>
 </ROW>
 <ROW>
  <TRN_ID>00AhyGRXS414i008</TRN_ID>
  <LAST_UPD_TMS>2026-09-22 15:07:24</LAST_UPD_TMS>
 </ROW>
 <ROW>
  <TRN_ID>00AhyGRXS414i00B</TRN_ID>
  <LAST_UPD_TMS>2026-09-22 15:07:24</LAST_UPD_TMS>
 </ROW>
 <ROW>
  <TRN_ID>00Ahyi7XS414i000</TRN_ID>
  <LAST_UPD_TMS>2026-09-22 16:22:22</LAST_UPD_TMS>
 </ROW>
 <ROW>
  <TRN_ID>++AhyiWnS414i000</TRN_ID>
  <LAST_UPD_TMS>2026-09-22 16:24:03</LAST_UPD_TMS>
 </ROW>
 <ROW>
  <TRN_ID>++Ahyt8HS414i001</TRN_ID>
  <LAST_UPD_TMS>2026-09-22 17:12:09</LAST_UPD_TMS>
 </ROW>
 <ROW>
  <TRN_ID>00AhyiV1S414i002</TRN_ID>
  <LAST_UPD_TMS>2026-09-22 17:12:27</LAST_UPD_TMS>
 </ROW>
 <ROW>
  <TRN_ID>++AhyXqHS414i002</TRN_ID>
  <LAST_UPD_TMS>2026-09-22 17:14:18</LAST_UPD_TMS>
 </ROW>
 <ROW>
  <TRN_ID>01AhyiV1S414i002</TRN_ID>
  <LAST_UPD_TMS>2026-09-22 17:15:53</LAST_UPD_TMS>
 </ROW>
 <ROW>
  <TRN_ID>++AhyiVHS414i002</TRN_ID>
  <LAST_UPD_TMS>2026-09-22 17:18:16</LAST_UPD_TMS>
 </ROW>
 <ROW>
  <TRN_ID>++AhyiUHS414i003</TRN_ID>
  <LAST_UPD_TMS>2026-09-22 17:18:40</LAST_UPD_TMS>
 </ROW>
 <ROW>
  <TRN_ID>00AhyXqXS414i04e</TRN_ID>
  <LAST_UPD_TMS>2026-09-22 17:20:33</LAST_UPD_TMS>
 </ROW>
 <ROW>
  <TRN_ID>00AhyiUXS414i003</TRN_ID>
  <LAST_UPD_TMS>2026-09-22 17:21:41</LAST_UPD_TMS>
 </ROW>
 <ROW>
  <TRN_ID>++AhyiUnS414i003</TRN_ID>
  <LAST_UPD_TMS>2026-09-22 17:22:56</LAST_UPD_TMS>
 </ROW>
 <ROW>
  <TRN_ID>++Ahyt2HS414i001</TRN_ID>
  <LAST_UPD_TMS>2026-09-22 17:23:50</LAST_UPD_TMS>
 </ROW>
 <ROW>
  <TRN_ID>++Ahyt2nS414i001</TRN_ID>
  <LAST_UPD_TMS>2026-09-22 17:25:54</LAST_UPD_TMS>
 </ROW>
 <ROW>
  <TRN_ID>00Ahyt4XS414i001</TRN_ID>
  <LAST_UPD_TMS>2026-09-22 17:26:26</LAST_UPD_TMS>
 </ROW>
 <ROW>
  <TRN_ID>00Ahyt2XS414i002</TRN_ID>
  <LAST_UPD_TMS>2026-09-22 17:26:56</LAST_UPD_TMS>
 </ROW>
 <ROW>
  <TRN_ID>00AhyxSXS414i000</TRN_ID>
  <LAST_UPD_TMS>2026-09-22 17:27:46</LAST_UPD_TMS>
 </ROW>
 <ROW>
  <TRN_ID>00AhyxWXS414i000</TRN_ID>
  <LAST_UPD_TMS>2026-09-22 17:28:02</LAST_UPD_TMS>
 </ROW>
 <ROW>
  <TRN_ID>++AhyxonS414i000</TRN_ID>
  <LAST_UPD_TMS>2026-09-22 17:29:15</LAST_UPD_TMS>
 </ROW>
 <ROW>
  <TRN_ID>00Ahyxt1S414i000</TRN_ID>
  <LAST_UPD_TMS>2026-09-22 17:29:32</LAST_UPD_TMS>
 </ROW>
 <ROW>
  <TRN_ID>++Ahyy7HS414i000</TRN_ID>
  <LAST_UPD_TMS>2026-09-22 17:30:37</LAST_UPD_TMS>
 </ROW>
 <ROW>
  <TRN_ID>00AhyyJ1S414i000</TRN_ID>
  <LAST_UPD_TMS>2026-09-22 17:31:24</LAST_UPD_TMS>
 </ROW>
 <ROW>
  <TRN_ID>++AhyyLHS414i000</TRN_ID>
  <LAST_UPD_TMS>2026-09-22 17:31:33</LAST_UPD_TMS>
 </ROW>
 <ROW>
  <TRN_ID>00Ahyyv1S414i000</TRN_ID>
  <LAST_UPD_TMS>2026-09-22 17:33:56</LAST_UPD_TMS>
 </ROW>
 <ROW>
  <TRN_ID>++AhzCpnS414i001</TRN_ID>
  <LAST_UPD_TMS>2026-09-22 19:07:20</LAST_UPD_TMS>
 </ROW>
 <ROW>
  <TRN_ID>++AhzCqHS414i001</TRN_ID>
  <LAST_UPD_TMS>2026-09-22 19:10:47</LAST_UPD_TMS>
 </ROW>
 <ROW>
  <TRN_ID>01AhzMBXS414i000</TRN_ID>
  <LAST_UPD_TMS>2026-09-22 19:21:50</LAST_UPD_TMS>
 </ROW>
 <ROW>
  <TRN_ID>00AhzMs1S414i000</TRN_ID>
  <LAST_UPD_TMS>2026-09-22 19:24:40</LAST_UPD_TMS>
 </ROW>
 <ROW>
  <TRN_ID>00AhzNXXS414i000</TRN_ID>
  <LAST_UPD_TMS>2026-09-22 19:27:35</LAST_UPD_TMS>
 </ROW>
 <ROW>
  <TRN_ID>00AhzNV1S414i005</TRN_ID>
  <LAST_UPD_TMS>2026-09-22 22:34:13</LAST_UPD_TMS>
 </ROW>
 <ROW>
  <TRN_ID>+-AhzNVHS414i005</TRN_ID>
  <LAST_UPD_TMS>2026-09-22 22:34:41</LAST_UPD_TMS>
 </ROW>
 <ROW>
  <TRN_ID>++AhztAnS414i003</TRN_ID>
  <LAST_UPD_TMS>2026-09-22 23:55:12</LAST_UPD_TMS>
 </ROW>
 <ROW>
  <TRN_ID>++Ah-MrHS414i002</TRN_ID>
  <LAST_UPD_TMS>2026-09-23 01:03:52</LAST_UPD_TMS>
 </ROW>
 <ROW>
  <TRN_ID>++Ah-CFHS414i003</TRN_ID>
  <LAST_UPD_TMS>2026-09-23 01:14:37</LAST_UPD_TMS>
 </ROW>
 <ROW>
  <TRN_ID>01Ai0Ap1S414i003</TRN_ID>
  <LAST_UPD_TMS>2026-09-23 09:08:50</LAST_UPD_TMS>
 </ROW>
 <ROW>
  <TRN_ID>00Ai0kW1S414i000</TRN_ID>
  <LAST_UPD_TMS>2026-09-23 10:44:48</LAST_UPD_TMS>
 </ROW>
 <ROW>
  <TRN_ID>++AhzCpnS414i002</TRN_ID>
  <LAST_UPD_TMS>2026-09-23 11:42:12</LAST_UPD_TMS>
 </ROW>
 <ROW>
  <TRN_ID>++Ai0q+HS414i001</TRN_ID>
  <LAST_UPD_TMS>2026-09-23 11:43:20</LAST_UPD_TMS>
 </ROW>
 <ROW>
  <TRN_ID>00AhzNeXS414i001</TRN_ID>
  <LAST_UPD_TMS>2026-09-23 13:18:54</LAST_UPD_TMS>
 </ROW>
 <ROW>
  <TRN_ID>00AhzMs1S414i001</TRN_ID>
  <LAST_UPD_TMS>2026-09-23 13:20:43</LAST_UPD_TMS>
 </ROW>
 <ROW>
  <TRN_ID>++Ai0+YnS414i003</TRN_ID>
  <LAST_UPD_TMS>2026-09-23 13:33:54</LAST_UPD_TMS>
 </ROW>
 <ROW>
  <TRN_ID>00Ai0+a1S414i003</TRN_ID>
  <LAST_UPD_TMS>2026-09-23 13:42:20</LAST_UPD_TMS>
 </ROW>
 <ROW>
  <TRN_ID>++Ai22TnS414i000</TRN_ID>
  <LAST_UPD_TMS>2026-09-23 16:43:03</LAST_UPD_TMS>
 </ROW>
 <ROW>
  <TRN_ID>++Ah-MrHS414i003</TRN_ID>
  <LAST_UPD_TMS>2026-09-23 16:43:29</LAST_UPD_TMS>
 </ROW>
 <ROW>
  <TRN_ID>00Ai0r11S414i05j</TRN_ID>
  <LAST_UPD_TMS>2026-09-23 16:51:55</LAST_UPD_TMS>
 </ROW>
 <ROW>
  <TRN_ID>00Ai1tq1S414i002</TRN_ID>
  <LAST_UPD_TMS>2026-09-23 16:53:54</LAST_UPD_TMS>
 </ROW>
 <ROW>
  <TRN_ID>++Ai1bPHS414i006</TRN_ID>
  <LAST_UPD_TMS>2026-09-23 16:57:20</LAST_UPD_TMS>
 </ROW>
 <ROW>
  <TRN_ID>00Ai6tMXS414i00A</TRN_ID>
  <LAST_UPD_TMS>2026-09-24 17:59:18</LAST_UPD_TMS>
 </ROW>
 <ROW>
  <TRN_ID>00Ai6tMXS414i006</TRN_ID>
  <LAST_UPD_TMS>2026-09-24 17:59:18</LAST_UPD_TMS>
 </ROW>
 <ROW>
  <TRN_ID>00Ai6tMXS414i008</TRN_ID>
  <LAST_UPD_TMS>2026-09-24 17:59:18</LAST_UPD_TMS>
 </ROW>
 <ROW>
  <TRN_ID>++AiGOrnS414i019</TRN_ID>
  <LAST_UPD_TMS>2026-09-28 09:46:34</LAST_UPD_TMS>
 </ROW>
 <ROW>
  <TRN_ID>01AiQnI1S414i001</TRN_ID>
  <LAST_UPD_TMS>2026-09-28 09:50:15</LAST_UPD_TMS>
 </ROW>
 <ROW>
  <TRN_ID>01AiGZO1S414i01C</TRN_ID>
  <LAST_UPD_TMS>2026-09-28 10:33:36</LAST_UPD_TMS>
 </ROW>
 <ROW>
  <TRN_ID>00AiGZO1S414i01E</TRN_ID>
  <LAST_UPD_TMS>2026-09-28 10:37:28</LAST_UPD_TMS>
 </ROW>
 <ROW>
  <TRN_ID>00AiQxr1S414i002</TRN_ID>
  <LAST_UPD_TMS>2026-09-28 10:38:37</LAST_UPD_TMS>
 </ROW>
 <ROW>
  <TRN_ID>00AiGZR1S414i01E</TRN_ID>
  <LAST_UPD_TMS>2026-09-28 10:39:03</LAST_UPD_TMS>
 </ROW>
 <ROW>
  <TRN_ID>00AiR6NXS414i001</TRN_ID>
  <LAST_UPD_TMS>2026-09-28 10:48:41</LAST_UPD_TMS>
 </ROW>
 <ROW>
  <TRN_ID>++AiR6NnS414i001</TRN_ID>
  <LAST_UPD_TMS>2026-09-28 10:54:50</LAST_UPD_TMS>
 </ROW>
 <ROW>
  <TRN_ID>00Aibh01S414i001</TRN_ID>
  <LAST_UPD_TMS>2026-09-30 11:02:02</LAST_UPD_TMS>
 </ROW>
 <ROW>
  <TRN_ID>+-Aibh0HS414i001</TRN_ID>
  <LAST_UPD_TMS>2026-09-30 11:02:33</LAST_UPD_TMS>
 </ROW>
 <ROW>
  <TRN_ID>++AidAUHS414i001</TRN_ID>
  <LAST_UPD_TMS>2026-09-30 17:56:54</LAST_UPD_TMS>
 </ROW>
 <ROW>
  <TRN_ID>00AidAUXS414i001</TRN_ID>
  <LAST_UPD_TMS>2026-09-30 18:00:15</LAST_UPD_TMS>
 </ROW>
 <ROW>
  <TRN_ID>00AidAV1S414i001</TRN_ID>
  <LAST_UPD_TMS>2026-09-30 18:10:28</LAST_UPD_TMS>
 </ROW>
 <ROW>
  <TRN_ID>00AidHY1S414i000</TRN_ID>
  <LAST_UPD_TMS>2026-09-30 18:10:48</LAST_UPD_TMS>
 </ROW>
 <ROW>
  <TRN_ID>++AidIUHS414i000</TRN_ID>
  <LAST_UPD_TMS>2026-09-30 18:14:49</LAST_UPD_TMS>
 </ROW>
 <ROW>
  <TRN_ID>01AigtNXS414i000</TRN_ID>
  <LAST_UPD_TMS>2026-10-01 10:31:26</LAST_UPD_TMS>
 </ROW>
 <ROW>
  <TRN_ID>++Aig-MHS414i000</TRN_ID>
  <LAST_UPD_TMS>2026-10-01 11:01:13</LAST_UPD_TMS>
 </ROW>
 <ROW>
  <TRN_ID>++Aig-OHS414i000</TRN_ID>
  <LAST_UPD_TMS>2026-10-01 11:01:21</LAST_UPD_TMS>
 </ROW>
 <ROW>
  <TRN_ID>+-AigtJHS414i02D</TRN_ID>
  <LAST_UPD_TMS>2026-10-01 11:01:52</LAST_UPD_TMS>
 </ROW>
 <ROW>
  <TRN_ID>00Aig-Z1S414i000</TRN_ID>
  <LAST_UPD_TMS>2026-10-01 11:02:04</LAST_UPD_TMS>
 </ROW>
 <ROW>
  <TRN_ID>00Aih1VXS414i000</TRN_ID>
  <LAST_UPD_TMS>2026-10-01 11:14:38</LAST_UPD_TMS>
 </ROW>
 <ROW>
  <TRN_ID>+-Aih1tnS414i002</TRN_ID>
  <LAST_UPD_TMS>2026-10-01 12:00:37</LAST_UPD_TMS>
 </ROW>
 <ROW>
  <TRN_ID>00AihCQXS414i001</TRN_ID>
  <LAST_UPD_TMS>2026-10-01 12:06:46</LAST_UPD_TMS>
 </ROW>
 <ROW>
  <TRN_ID>++AihCUnS414i001</TRN_ID>
  <LAST_UPD_TMS>2026-10-01 12:16:21</LAST_UPD_TMS>
 </ROW>
 <ROW>
  <TRN_ID>+-AihCPHS414i001</TRN_ID>
  <LAST_UPD_TMS>2026-10-01 12:22:21</LAST_UPD_TMS>
 </ROW>
 <ROW>
  <TRN_ID>01AihCQ1S414i00n</TRN_ID>
  <LAST_UPD_TMS>2026-10-01 12:22:40</LAST_UPD_TMS>
 </ROW>
 <ROW>
  <TRN_ID>00AihCPXS414i001</TRN_ID>
  <LAST_UPD_TMS>2026-10-01 12:27:19</LAST_UPD_TMS>
 </ROW>
 <ROW>
  <TRN_ID>00AihCUXS414i003</TRN_ID>
  <LAST_UPD_TMS>2026-10-01 12:49:41</LAST_UPD_TMS>
 </ROW>
</ROWSET>

FT_T_ENFR,<?xml version="1.0"?>
<ROWSET>
 <ROW>
  <ENFR_OID>/IsqG7gtW1</ENFR_OID>
  <ORG_ID>0182</ORG_ID>
  <INST_MNEM>/IsoG7gtW1</INST_MNEM>
  <FINR_INST_MNEM>/IsoG7gtW1</FINR_INST_MNEM>
  <FINSRL_TYP>INDVDUAL</FINSRL_TYP>
  <ENFR_RL_TYP>ENT_OWN</ENFR_RL_TYP>
  <START_TMS>2026-10-01 10:26:44</START_TMS>
  <LAST_CHG_TMS>2026-10-01 10:31:29</LAST_CHG_TMS>
  <LAST_CHG_USR_ID>T045519</LAST_CHG_USR_ID>
  <DATA_STAT_TYP>ACTIVE</DATA_STAT_TYP>
  <DATA_SRC_ID>RDR</DATA_SRC_ID>
  <FINR_OID>/IspG7gtW1</FINR_OID>
 </ROW>
 <ROW>
  <ENFR_OID>/IsrG7gtW1</ENFR_OID>
  <ORG_ID>A1  </ORG_ID>
  <INST_MNEM>/IsoG7gtW1</INST_MNEM>
  <FINR_INST_MNEM>/IsoG7gtW1</FINR_INST_MNEM>
  <FINSRL_TYP>INDVDUAL</FINSRL_TYP>
  <ENFR_RL_TYP>BRANCH_OWN</ENFR_RL_TYP>
  <START_TMS>2026-10-01 10:26:54</START_TMS>
  <LAST_CHG_TMS>2026-10-01 10:31:29</LAST_CHG_TMS>
  <LAST_CHG_USR_ID>T045519</LAST_CHG_USR_ID>
  <DATA_STAT_TYP>ACTIVE</DATA_STAT_TYP>
  <DATA_SRC_ID>RDR</DATA_SRC_ID>
  <FINR_OID>/IspG7gtW1</FINR_OID>
 </ROW>
 <ROW>
  <ENFR_OID>/IsMI7gtW1</ENFR_OID>
  <ORG_ID>A1  </ORG_ID>
  <INST_MNEM>/IsEI7gtW1</INST_MNEM>
  <FINR_INST_MNEM>/IsEI7gtW1</FINR_INST_MNEM>
  <FINSRL_TYP>CPARTY  </FINSRL_TYP>
  <ENFR_RL_TYP>OPE_BRANCH</ENFR_RL_TYP>
  <START_TMS>2026-10-01 11:13:18</START_TMS>
  <LAST_CHG_TMS>2026-10-01 11:14:38</LAST_CHG_TMS>
  <LAST_CHG_USR_ID>O016991</LAST_CHG_USR_ID>
  <DATA_STAT_TYP>ACTIVE</DATA_STAT_TYP>
  <DATA_SRC_ID>DIFUSION</DATA_SRC_ID>
  <FINR_OID>/IsFI7gtW1</FINR_OID>
 </ROW>
 <ROW>
  <ENFR_OID>/IsOI7gtW1</ENFR_OID>
  <ORG_ID>BR1 </ORG_ID>
  <INST_MNEM>/IsEI7gtW1</INST_MNEM>
  <FINR_INST_MNEM>/IsEI7gtW1</FINR_INST_MNEM>
  <FINSRL_TYP>CPARTY  </FINSRL_TYP>
  <ENFR_RL_TYP>OPE_BRANCH</ENFR_RL_TYP>
  <START_TMS>2026-10-01 11:13:46</START_TMS>
  <LAST_CHG_TMS>2026-10-01 11:14:38</LAST_CHG_TMS>
  <LAST_CHG_USR_ID>O016991</LAST_CHG_USR_ID>
  <DATA_STAT_TYP>ACTIVE</DATA_STAT_TYP>
  <DATA_SRC_ID>DIFUSION</DATA_SRC_ID>
  <FINR_OID>/IsFI7gtW1</FINR_OID>
 </ROW>
 <ROW>
  <ENFR_OID>/IszL7gtW1</ENFR_OID>
  <ORG_ID>0182</ORG_ID>
  <INST_MNEM>/IsxL7gtW1</INST_MNEM>
  <FINR_INST_MNEM>/IsxL7gtW1</FINR_INST_MNEM>
  <FINSRL_TYP>INDVDUAL</FINSRL_TYP>
  <ENFR_RL_TYP>ENT_OWN</ENFR_RL_TYP>
  <START_TMS>2026-10-01 12:05:00</START_TMS>
  <LAST_CHG_TMS>2026-10-01 12:06:46</LAST_CHG_TMS>
  <LAST_CHG_USR_ID>T045519</LAST_CHG_USR_ID>
  <DATA_STAT_TYP>ACTIVE</DATA_STAT_TYP>
  <DATA_SRC_ID>RDR</DATA_SRC_ID>
  <FINR_OID>/IsyL7gtW1</FINR_OID>
 </ROW>
 <ROW>
  <ENFR_OID>/Is$L7gtW1</ENFR_OID>
  <ORG_ID>A1  </ORG_ID>
  <INST_MNEM>/IsxL7gtW1</INST_MNEM>
  <FINR_INST_MNEM>/IsxL7gtW1</FINR_INST_MNEM>
  <FINSRL_TYP>INDVDUAL</FINSRL_TYP>
  <ENFR_RL_TYP>BRANCH_OWN</ENFR_RL_TYP>
  <START_TMS>2026-10-01 12:05:09</START_TMS>
  <LAST_CHG_TMS>2026-10-01 12:06:46</LAST_CHG_TMS>
  <LAST_CHG_USR_ID>T045519</LAST_CHG_USR_ID>
  <DATA_STAT_TYP>ACTIVE</DATA_STAT_TYP>
  <DATA_SRC_ID>RDR</DATA_SRC_ID>
  <FINR_OID>/IsyL7gtW1</FINR_OID>
 </ROW>
 <ROW>
  <ENFR_OID>/IsLM7gtW1</ENFR_OID>
  <ORG_ID>0182</ORG_ID>
  <INST_MNEM>/IsJM7gtW1</INST_MNEM>
  <FINR_INST_MNEM>/IsJM7gtW1</FINR_INST_MNEM>
  <FINSRL_TYP>INDVDUAL</FINSRL_TYP>
  <ENFR_RL_TYP>ENT_OWN</ENFR_RL_TYP>
  <START_TMS>2026-10-01 12:27:48</START_TMS>
  <LAST_CHG_TMS>2026-10-01 12:49:42</LAST_CHG_TMS>
  <LAST_CHG_USR_ID>T045519</LAST_CHG_USR_ID>
  <DATA_STAT_TYP>ACTIVE</DATA_STAT_TYP>
  <DATA_SRC_ID>RDR</DATA_SRC_ID>
  <FINR_OID>/IsKM7gtW1</FINR_OID>
 </ROW>
 <ROW>
  <ENFR_OID>/IsMM7gtW1</ENFR_OID>
  <ORG_ID>A1  </ORG_ID>
  <INST_MNEM>/IsJM7gtW1</INST_MNEM>
  <FINR_INST_MNEM>/IsJM7gtW1</FINR_INST_MNEM>
  <FINSRL_TYP>INDVDUAL</FINSRL_TYP>
  <ENFR_RL_TYP>BRANCH_OWN</ENFR_RL_TYP>
  <START_TMS>2026-10-01 12:27:55</START_TMS>
  <LAST_CHG_TMS>2026-10-01 12:49:42</LAST_CHG_TMS>
  <LAST_CHG_USR_ID>T045519</LAST_CHG_USR_ID>
  <DATA_STAT_TYP>ACTIVE</DATA_STAT_TYP>
  <DATA_SRC_ID>RDR</DATA_SRC_ID>
  <FINR_OID>/IsKM7gtW1</FINR_OID>
 </ROW>
</ROWSET>

FT_T_FIGU,<?xml version="1.0"?>
<ROWSET>
 <ROW>
  <FIGU_OID>egs3m(gtW1</FIGU_OID>
  <INST_MNEM>/IsoG7gtW1</INST_MNEM>
  <GU_ID>ES</GU_ID>
  <GU_TYP>COUNTRY</GU_TYP>
  <GU_CNT>1</GU_CNT>
  <FINS_GU_PURP_TYP>STSMNTCT</FINS_GU_PURP_TYP>
  <START_TMS>2026-10-01 10:27:31</START_TMS>
  <LAST_CHG_TMS>2026-10-01 10:31:28</LAST_CHG_TMS>
  <LAST_CHG_USR_ID>T045519</LAST_CHG_USR_ID>
  <DATA_STAT_TYP>ACTIVE</DATA_STAT_TYP>
  <DATA_SRC_ID>RDR</DATA_SRC_ID>
  <GUNT_OID>GUNT436===</GUNT_OID>
 </ROW>
 <ROW>
  <FIGU_OID>)at9m(gtW1</FIGU_OID>
  <INST_MNEM>/IsxL7gtW1</INST_MNEM>
  <GU_ID>ES</GU_ID>
  <GU_TYP>COUNTRY</GU_TYP>
  <GU_CNT>1</GU_CNT>
  <FINS_GU_PURP_TYP>STSMNTCT</FINS_GU_PURP_TYP>
  <START_TMS>2026-10-01 12:05:22</START_TMS>
  <LAST_CHG_TMS>2026-10-01 12:06:46</LAST_CHG_TMS>
  <LAST_CHG_USR_ID>T045519</LAST_CHG_USR_ID>
  <DATA_STAT_TYP>ACTIVE</DATA_STAT_TYP>
  <DATA_SRC_ID>RDR</DATA_SRC_ID>
  <GUNT_OID>GUNT436===</GUNT_OID>
 </ROW>
 <ROW>
  <FIGU_OID>o&gt;t3m(gtW1</FIGU_OID>
  <INST_MNEM>/IsJM7gtW1</INST_MNEM>
  <GU_ID>ES</GU_ID>
  <GU_TYP>COUNTRY</GU_TYP>
  <GU_CNT>1</GU_CNT>
  <FINS_GU_PURP_TYP>STSMNTCT</FINS_GU_PURP_TYP>
  <START_TMS>2026-10-01 12:28:13</START_TMS>
  <LAST_CHG_TMS>2026-10-01 12:49:42</LAST_CHG_TMS>
  <LAST_CHG_USR_ID>T045519</LAST_CHG_USR_ID>
  <DATA_STAT_TYP>ACTIVE</DATA_STAT_TYP>
  <DATA_SRC_ID>RDR</DATA_SRC_ID>
  <GUNT_OID>GUNT436===</GUNT_OID>
 </ROW>
</ROWSET>

FT_T_FIID,<?xml version="1.0"?>
<ROWSET>
 <ROW>
  <FIID_OID>egs1m(gtW1</FIID_OID>
  <INST_MNEM>/IsoG7gtW1</INST_MNEM>
  <FINS_ID_CTXT_TYP>FINSID</FINS_ID_CTXT_TYP>
  <FINS_ID>636017</FINS_ID>
  <START_TMS>2026-10-01 10:31:28</START_TMS>
  <LAST_CHG_TMS>2026-10-01 10:31:28</LAST_CHG_TMS>
  <LAST_CHG_USR_ID>T045519</LAST_CHG_USR_ID>
  <DATA_STAT_TYP>ACTIVE</DATA_STAT_TYP>
  <GLOBAL_UNIQ_IND>N</GLOBAL_UNIQ_IND>
 </ROW>
 <ROW>
  <FIID_OID>/IsuG7gtW1</FIID_OID>
  <INST_MNEM>/IsoG7gtW1</INST_MNEM>
  <FINS_ID_CTXT_TYP>PRELEIID</FINS_ID_CTXT_TYP>
  <FINS_ID>333333</FINS_ID>
  <START_TMS>2026-10-01 10:27:35</START_TMS>
  <LAST_CHG_TMS>2026-10-01 10:31:28</LAST_CHG_TMS>
  <LAST_CHG_USR_ID>T045519</LAST_CHG_USR_ID>
  <DATA_STAT_TYP>ACTIVE</DATA_STAT_TYP>
  <DATA_SRC_ID>RDR</DATA_SRC_ID>
  <INST_USAGE_TYP>/IsvG7gtW1</INST_USAGE_TYP>
  <GLOBAL_UNIQ_IND>N</GLOBAL_UNIQ_IND>
 </ROW>
 <ROW>
  <FIID_OID>/IszG7gtW1</FIID_OID>
  <INST_MNEM>/IsoG7gtW1</INST_MNEM>
  <FINS_ID_CTXT_TYP>CSBCODE</FINS_ID_CTXT_TYP>
  <FINS_ID>2222</FINS_ID>
  <START_TMS>2026-10-01 10:27:48</START_TMS>
  <LAST_CHG_TMS>2026-10-01 10:31:28</LAST_CHG_TMS>
  <LAST_CHG_USR_ID>T045519</LAST_CHG_USR_ID>
  <DATA_STAT_TYP>ACTIVE</DATA_STAT_TYP>
  <DATA_SRC_ID>RDR</DATA_SRC_ID>
  <INST_USAGE_TYP>/Is$G7gtW1</INST_USAGE_TYP>
  <GLOBAL_UNIQ_IND>N</GLOBAL_UNIQ_IND>
 </ROW>
 <ROW>
  <FIID_OID>/Is%G7gtW1</FIID_OID>
  <INST_MNEM>/IsoG7gtW1</INST_MNEM>
  <FINS_ID_CTXT_TYP>MARKITID</FINS_ID_CTXT_TYP>
  <FINS_ID>3333333333</FINS_ID>
  <START_TMS>2026-10-01 10:27:56</START_TMS>
  <LAST_CHG_TMS>2026-10-01 10:31:28</LAST_CHG_TMS>
  <LAST_CHG_USR_ID>T045519</LAST_CHG_USR_ID>
  <DATA_STAT_TYP>ACTIVE</DATA_STAT_TYP>
  <DATA_SRC_ID>RDR</DATA_SRC_ID>
  <INST_USAGE_TYP>/Is@G7gtW1</INST_USAGE_TYP>
  <GLOBAL_UNIQ_IND>N</GLOBAL_UNIQ_IND>
 </ROW>
 <ROW>
  <FIID_OID>egsFm(gtW1</FIID_OID>
  <INST_MNEM>/IsEI7gtW1</INST_MNEM>
  <FINS_ID_CTXT_TYP>FINSID</FINS_ID_CTXT_TYP>
  <FINS_ID>684230</FINS_ID>
  <START_TMS>2026-10-01 11:14:38</START_TMS>
  <LAST_CHG_TMS>2026-10-01 11:24:58</LAST_CHG_TMS>
  <LAST_CHG_USR_ID>DIFUSION</LAST_CHG_USR_ID>
  <DATA_STAT_TYP>ACTIVE</DATA_STAT_TYP>
  <DATA_SRC_ID>RDR</DATA_SRC_ID>
  <GLOBAL_UNIQ_IND>N</GLOBAL_UNIQ_IND>
 </ROW>
 <ROW>
  <FIID_OID>/IsJI7gtW1</FIID_OID>
  <INST_MNEM>/IsEI7gtW1</INST_MNEM>
  <FINS_ID_CTXT_TYP>BDIID</FINS_ID_CTXT_TYP>
  <FINS_ID>434311</FINS_ID>
  <START_TMS>2026-10-01 11:13:05</START_TMS>
  <LAST_CHG_TMS>2026-10-01 11:14:38</LAST_CHG_TMS>
  <LAST_CHG_USR_ID>DIFUSION</LAST_CHG_USR_ID>
  <DATA_STAT_TYP>ACTIVE</DATA_STAT_TYP>
  <DATA_SRC_ID>RDR</DATA_SRC_ID>
  <INST_USAGE_TYP>/IsKI7gtW1</INST_USAGE_TYP>
  <GLOBAL_UNIQ_IND>N</GLOBAL_UNIQ_IND>
 </ROW>
 <ROW>
  <FIID_OID>/IsPI7gtW1</FIID_OID>
  <INST_MNEM>/IsEI7gtW1</INST_MNEM>
  <FINS_ID_CTXT_TYP>CODTESID</FINS_ID_CTXT_TYP>
  <FINS_ID>GR45FLQ</FINS_ID>
  <START_TMS>2026-10-01 11:13:52</START_TMS>
  <LAST_CHG_TMS>2026-10-01 11:14:38</LAST_CHG_TMS>
  <LAST_CHG_USR_ID>DIFUSION</LAST_CHG_USR_ID>
  <DATA_STAT_TYP>ACTIVE</DATA_STAT_TYP>
  <DATA_SRC_ID>RDR</DATA_SRC_ID>
  <INST_USAGE_TYP>/IsQI7gtW1</INST_USAGE_TYP>
  <GLOBAL_UNIQ_IND>N</GLOBAL_UNIQ_IND>
 </ROW>
 <ROW>
  <FIID_OID>/IsRI7gtW1</FIID_OID>
  <INST_MNEM>/IsEI7gtW1</INST_MNEM>
  <FINS_ID_CTXT_TYP>MGCGLOID</FINS_ID_CTXT_TYP>
  <FINS_ID>00000348152</FINS_ID>
  <START_TMS>2026-10-01 11:13:57</START_TMS>
  <LAST_CHG_TMS>2026-10-01 11:14:38</LAST_CHG_TMS>
  <LAST_CHG_USR_ID>DIFUSION</LAST_CHG_USR_ID>
  <DATA_STAT_TYP>ACTIVE</DATA_STAT_TYP>
  <DATA_SRC_ID>DIFUSION</DATA_SRC_ID>
  <INST_USAGE_TYP>/IsSI7gtW1</INST_USAGE_TYP>
  <GLOBAL_UNIQ_IND>N</GLOBAL_UNIQ_IND>
 </ROW>
 <ROW>
  <FIID_OID>)at7m(gtW1</FIID_OID>
  <INST_MNEM>/IsxL7gtW1</INST_MNEM>
  <FINS_ID_CTXT_TYP>FINSID</FINS_ID_CTXT_TYP>
  <FINS_ID>636019</FINS_ID>
  <START_TMS>2026-10-01 12:06:46</START_TMS>
  <LAST_CHG_TMS>2026-10-01 12:27:19</LAST_CHG_TMS>
  <LAST_CHG_USR_ID>DIFUSION</LAST_CHG_USR_ID>
  <DATA_STAT_TYP>ACTIVE</DATA_STAT_TYP>
  <DATA_SRC_ID>RDR</DATA_SRC_ID>
  <INST_USAGE_TYP>/Is&gt;L7gtW1</INST_USAGE_TYP>
  <GLOBAL_UNIQ_IND>N</GLOBAL_UNIQ_IND>
 </ROW>
 <ROW>
  <FIID_OID>/Is@L7gtW1</FIID_OID>
  <INST_MNEM>/IsxL7gtW1</INST_MNEM>
  <FINS_ID_CTXT_TYP>PRELEIID</FINS_ID_CTXT_TYP>
  <FINS_ID>8724678236</FINS_ID>
  <START_TMS>2026-10-01 12:05:25</START_TMS>
  <LAST_CHG_TMS>2026-10-01 12:06:46</LAST_CHG_TMS>
  <LAST_CHG_USR_ID>T045519</LAST_CHG_USR_ID>
  <DATA_STAT_TYP>ACTIVE</DATA_STAT_TYP>
  <DATA_SRC_ID>RDR</DATA_SRC_ID>
  <INST_USAGE_TYP>/Is&amp;L7gtW1</INST_USAGE_TYP>
  <GLOBAL_UNIQ_IND>N</GLOBAL_UNIQ_IND>
 </ROW>
 <ROW>
  <FIID_OID>/Is*L7gtW1</FIID_OID>
  <INST_MNEM>/IsxL7gtW1</INST_MNEM>
  <FINS_ID_CTXT_TYP>CSBCODE</FINS_ID_CTXT_TYP>
  <FINS_ID>3333</FINS_ID>
  <START_TMS>2026-10-01 12:05:30</START_TMS>
  <LAST_CHG_TMS>2026-10-01 12:06:46</LAST_CHG_TMS>
  <LAST_CHG_USR_ID>T045519</LAST_CHG_USR_ID>
  <DATA_STAT_TYP>ACTIVE</DATA_STAT_TYP>
  <DATA_SRC_ID>RDR</DATA_SRC_ID>
  <INST_USAGE_TYP>/Is-L7gtW1</INST_USAGE_TYP>
  <GLOBAL_UNIQ_IND>N</GLOBAL_UNIQ_IND>
 </ROW>
 <ROW>
  <FIID_OID>/Is.L7gtW1</FIID_OID>
  <INST_MNEM>/IsxL7gtW1</INST_MNEM>
  <FINS_ID_CTXT_TYP>MARKITID</FINS_ID_CTXT_TYP>
  <FINS_ID>23116381</FINS_ID>
  <START_TMS>2026-10-01 12:05:35</START_TMS>
  <LAST_CHG_TMS>2026-10-01 12:06:46</LAST_CHG_TMS>
  <LAST_CHG_USR_ID>T045519</LAST_CHG_USR_ID>
  <DATA_STAT_TYP>ACTIVE</DATA_STAT_TYP>
  <DATA_SRC_ID>RDR</DATA_SRC_ID>
  <INST_USAGE_TYP>/Is/L7gtW1</INST_USAGE_TYP>
  <GLOBAL_UNIQ_IND>N</GLOBAL_UNIQ_IND>
 </ROW>
 <ROW>
  <FIID_OID>o&gt;t1m(gtW1</FIID_OID>
  <INST_MNEM>/IsJM7gtW1</INST_MNEM>
  <FINS_ID_CTXT_TYP>FINSID</FINS_ID_CTXT_TYP>
  <FINS_ID>636020</FINS_ID>
  <START_TMS>2026-10-01 12:49:42</START_TMS>
  <LAST_CHG_TMS>2026-10-01 12:49:42</LAST_CHG_TMS>
  <LAST_CHG_USR_ID>T045519</LAST_CHG_USR_ID>
  <DATA_STAT_TYP>ACTIVE</DATA_STAT_TYP>
  <GLOBAL_UNIQ_IND>N</GLOBAL_UNIQ_IND>
 </ROW>
 <ROW>
  <FIID_OID>/IsdM7gtW1</FIID_OID>
  <INST_MNEM>/IsJM7gtW1</INST_MNEM>
  <FINS_ID_CTXT_TYP>PRELEIID</FINS_ID_CTXT_TYP>
  <FINS_ID>323233</FINS_ID>
  <START_TMS>2026-10-01 12:43:53</START_TMS>
  <LAST_CHG_TMS>2026-10-01 12:49:42</LAST_CHG_TMS>
  <LAST_CHG_USR_ID>T045519</LAST_CHG_USR_ID>
  <DATA_STAT_TYP>ACTIVE</DATA_STAT_TYP>
  <DATA_SRC_ID>RDR</DATA_SRC_ID>
  <INST_USAGE_TYP>/IseM7gtW1</INST_USAGE_TYP>
  <GLOBAL_UNIQ_IND>N</GLOBAL_UNIQ_IND>
 </ROW>
 <ROW>
  <FIID_OID>/IsfM7gtW1</FIID_OID>
  <INST_MNEM>/IsJM7gtW1</INST_MNEM>
  <FINS_ID_CTXT_TYP>CSBCODE</FINS_ID_CTXT_TYP>
  <FINS_ID>3333</FINS_ID>
  <START_TMS>2026-10-01 12:43:59</START_TMS>
  <LAST_CHG_TMS>2026-10-01 12:49:42</LAST_CHG_TMS>
  <LAST_CHG_USR_ID>T045519</LAST_CHG_USR_ID>
  <DATA_STAT_TYP>ACTIVE</DATA_STAT_TYP>
  <DATA_SRC_ID>RDR</DATA_SRC_ID>
  <INST_USAGE_TYP>/IsgM7gtW1</INST_USAGE_TYP>
  <GLOBAL_UNIQ_IND>N</GLOBAL_UNIQ_IND>
 </ROW>
 <ROW>
  <FIID_OID>/IshM7gtW1</FIID_OID>
  <INST_MNEM>/IsJM7gtW1</INST_MNEM>
  <FINS_ID_CTXT_TYP>MARKITID</FINS_ID_CTXT_TYP>
  <FINS_ID>4343443</FINS_ID>
  <START_TMS>2026-10-01 12:44:05</START_TMS>
  <LAST_CHG_TMS>2026-10-01 12:49:42</LAST_CHG_TMS>
  <LAST_CHG_USR_ID>T045519</LAST_CHG_USR_ID>
  <DATA_STAT_TYP>ACTIVE</DATA_STAT_TYP>
  <DATA_SRC_ID>RDR</DATA_SRC_ID>
  <INST_USAGE_TYP>/IsiM7gtW1</INST_USAGE_TYP>
  <GLOBAL_UNIQ_IND>N</GLOBAL_UNIQ_IND>
 </ROW>
</ROWSET>

FT_T_FINR,<?xml version="1.0"?>
<ROWSET>
 <ROW>
  <INST_MNEM>/IsoG7gtW1</INST_MNEM>
  <FINSRL_TYP>INDVDUAL</FINSRL_TYP>
  <LAST_CHG_TMS>2026-10-01 10:31:29</LAST_CHG_TMS>
  <LAST_CHG_USR_ID>T045519</LAST_CHG_USR_ID>
  <CROSS_REF_ID>egsCm(gtW1</CROSS_REF_ID>
  <START_TMS>2026-10-01 10:26:41</START_TMS>
  <PREF_ID_CTXT_TYP>Y</PREF_ID_CTXT_TYP>
  <DATA_STAT_TYP>ACTIVE</DATA_STAT_TYP>
  <DATA_SRC_ID>RDR</DATA_SRC_ID>
  <FINSRL_SUB_TYP>BUSINESS</FINSRL_SUB_TYP>
  <FINR_OID>/IspG7gtW1</FINR_OID>
 </ROW>
 <ROW>
  <INST_MNEM>/IsEI7gtW1</INST_MNEM>
  <FINSRL_TYP>CPARTY  </FINSRL_TYP>
  <LAST_CHG_TMS>2026-10-01 11:14:38</LAST_CHG_TMS>
  <LAST_CHG_USR_ID>O016991</LAST_CHG_USR_ID>
  <CROSS_REF_ID>egsIm(gtW1</CROSS_REF_ID>
  <START_TMS>2026-10-01 11:12:06</START_TMS>
  <DATA_STAT_TYP>ACTIVE</DATA_STAT_TYP>
  <DATA_SRC_ID>RDR</DATA_SRC_ID>
  <FINR_OID>/IsFI7gtW1</FINR_OID>
 </ROW>
 <ROW>
  <INST_MNEM>/IsxL7gtW1</INST_MNEM>
  <FINSRL_TYP>INDVDUAL</FINSRL_TYP>
  <LAST_CHG_TMS>2026-10-01 12:06:46</LAST_CHG_TMS>
  <LAST_CHG_USR_ID>T045519</LAST_CHG_USR_ID>
  <CROSS_REF_ID>)atIm(gtW1</CROSS_REF_ID>
  <START_TMS>2026-10-01 12:04:57</START_TMS>
  <PREF_ID_CTXT_TYP>Y</PREF_ID_CTXT_TYP>
  <DATA_STAT_TYP>ACTIVE</DATA_STAT_TYP>
  <DATA_SRC_ID>RDR</DATA_SRC_ID>
  <FINSRL_SUB_TYP>BUSINESS</FINSRL_SUB_TYP>
  <FINR_OID>/IsyL7gtW1</FINR_OID>
 </ROW>
 <ROW>
  <INST_MNEM>/IsJM7gtW1</INST_MNEM>
  <FINSRL_TYP>INDVDUAL</FINSRL_TYP>
  <LAST_CHG_TMS>2026-10-01 12:49:42</LAST_CHG_TMS>
  <LAST_CHG_USR_ID>T045519</LAST_CHG_USR_ID>
  <CROSS_REF_ID>o&gt;t6m(gtW1</CROSS_REF_ID>
  <START_TMS>2026-10-01 12:27:45</START_TMS>
  <PREF_ID_CTXT_TYP>Y</PREF_ID_CTXT_TYP>
  <DATA_STAT_TYP>ACTIVE</DATA_STAT_TYP>
  <DATA_SRC_ID>RDR</DATA_SRC_ID>
  <FINSRL_SUB_TYP>BUSINESS</FINSRL_SUB_TYP>
  <FINR_OID>/IsKM7gtW1</FINR_OID>
 </ROW>
</ROWSET>

FT_T_FINS,<?xml version="1.0"?>
<ROWSET>
 <ROW>
  <INST_MNEM>=105D72923</INST_MNEM>
  <START_TMS>2026-09-30 16:32:29</START_TMS>
  <LAST_CHG_TMS>2026-09-30 16:32:29</LAST_CHG_TMS>
  <LAST_CHG_USR_ID>USER</LAST_CHG_USR_ID>
  <INST_NME>TestVul32</INST_NME>
  <INST_DESC>TestVul32</INST_DESC>
  <PREF_FINS_ID_CTXT_TYP>FINSID</PREF_FINS_ID_CTXT_TYP>
  <PREF_FINS_ID>636012</PREF_FINS_ID>
  <INST_LEGAL_FORM_TYP>51</INST_LEGAL_FORM_TYP>
  <INST_FOUNDING_DTE>1900-01-01 00:00:00</INST_FOUNDING_DTE>
  <NLS_CDE>ENGLISH </NLS_CDE>
  <SUBSIDIARY_IND>N</SUBSIDIARY_IND>
  <DATA_STAT_TYP>ACTIVE</DATA_STAT_TYP>
  <DATA_SRC_ID>RDR</DATA_SRC_ID>
  <INST_LEGAL_NME>JACKS BEAN COMPANY LLC</INST_LEGAL_NME>
 </ROW>
 <ROW>
  <INST_MNEM>/IsoG7gtW1</INST_MNEM>
  <START_TMS>2026-10-01 10:26:39</START_TMS>
  <LAST_CHG_TMS>2026-10-01 10:31:28</LAST_CHG_TMS>
  <LAST_CHG_USR_ID>T045519</LAST_CHG_USR_ID>
  <INST_NME>TETSING-PRUEBA-HUELLA</INST_NME>
  <INST_DESC>TETSING-PRUEBA-HUELLA</INST_DESC>
  <PREF_FINS_ID_CTXT_TYP>CSBCODE</PREF_FINS_ID_CTXT_TYP>
  <PREF_FINS_ID>2222</PREF_FINS_ID>
  <INST_FOUNDING_DTE>2026-10-01 00:00:00</INST_FOUNDING_DTE>
  <DATA_STAT_TYP>ACTIVE</DATA_STAT_TYP>
  <DATA_SRC_ID>RDR</DATA_SRC_ID>
  <INST_LEGAL_NME>TETSING-PRUEBA-HUELLA</INST_LEGAL_NME>
 </ROW>
 <ROW>
  <INST_MNEM>/IsEI7gtW1</INST_MNEM>
  <START_TMS>2026-10-01 11:12:06</START_TMS>
  <LAST_CHG_TMS>2026-10-01 11:14:38</LAST_CHG_TMS>
  <LAST_CHG_USR_ID>O016991</LAST_CHG_USR_ID>
  <INST_NME>BGALBRO0I</INST_NME>
  <INST_DESC>BUNGE ALIMENTOS S/A</INST_DESC>
  <PREF_FINS_ID_CTXT_TYP>BDIID</PREF_FINS_ID_CTXT_TYP>
  <PREF_FINS_ID>434311</PREF_FINS_ID>
  <NLS_CDE>ENGLISH </NLS_CDE>
  <SUBSIDIARY_IND>N</SUBSIDIARY_IND>
  <DATA_STAT_TYP>ACTIVE</DATA_STAT_TYP>
  <DATA_SRC_ID>RDR</DATA_SRC_ID>
 </ROW>
 <ROW>
  <INST_MNEM>/IsxL7gtW1</INST_MNEM>
  <START_TMS>2026-10-01 12:04:56</START_TMS>
  <LAST_CHG_TMS>2026-10-01 12:06:46</LAST_CHG_TMS>
  <LAST_CHG_USR_ID>T045519</LAST_CHG_USR_ID>
  <INST_NME>TESTING-PROBANDO</INST_NME>
  <INST_DESC>TESTING-PROBANDO</INST_DESC>
  <PREF_FINS_ID_CTXT_TYP>CSBCODE</PREF_FINS_ID_CTXT_TYP>
  <PREF_FINS_ID>3333</PREF_FINS_ID>
  <INST_FOUNDING_DTE>2026-10-01 00:00:00</INST_FOUNDING_DTE>
  <DATA_STAT_TYP>ACTIVE</DATA_STAT_TYP>
  <DATA_SRC_ID>RDR</DATA_SRC_ID>
  <INST_LEGAL_NME>TESTING-PROBANDO</INST_LEGAL_NME>
 </ROW>
 <ROW>
  <INST_MNEM>/IsJM7gtW1</INST_MNEM>
  <START_TMS>2026-10-01 12:27:41</START_TMS>
  <LAST_CHG_TMS>2026-10-01 12:49:42</LAST_CHG_TMS>
  <LAST_CHG_USR_ID>T045519</LAST_CHG_USR_ID>
  <INST_NME>TSSTTST</INST_NME>
  <INST_DESC>TSSTTST</INST_DESC>
  <PREF_FINS_ID_CTXT_TYP>CSBCODE</PREF_FINS_ID_CTXT_TYP>
  <PREF_FINS_ID>3333</PREF_FINS_ID>
  <INST_FOUNDING_DTE>2026-10-01 00:00:00</INST_FOUNDING_DTE>
  <DATA_STAT_TYP>ACTIVE</DATA_STAT_TYP>
  <DATA_SRC_ID>RDR</DATA_SRC_ID>
  <INST_LEGAL_NME>TSSTTST</INST_LEGAL_NME>
 </ROW>
</ROWSET>

FT_T_FIRL,<?xml version="1.0"?>
<ROWSET>
 <ROW>
  <FIRL_OID>egsDm(gtW1</FIRL_OID>
  <PRNT_INST_MNEM>/IsoG7gtW1</PRNT_INST_MNEM>
  <INST_MNEM>/IsoG7gtW1</INST_MNEM>
  <FINSRL_TYP>INDVDUAL</FINSRL_TYP>
  <REL_TYP>GLOBAL</REL_TYP>
  <START_TMS>2026-10-01 10:26:41</START_TMS>
  <LAST_CHG_TMS>2026-10-01 10:31:29</LAST_CHG_TMS>
  <LAST_CHG_USR_ID>T045519</LAST_CHG_USR_ID>
  <DATA_STAT_TYP>ACTIVE</DATA_STAT_TYP>
  <DATA_SRC_ID>RDR</DATA_SRC_ID>
  <FINR_OID>/IspG7gtW1</FINR_OID>
 </ROW>
 <ROW>
  <FIRL_OID>/IsGI7gtW1</FIRL_OID>
  <PRNT_INST_MNEM>3hxOG7IsW1</PRNT_INST_MNEM>
  <INST_MNEM>/IsEI7gtW1</INST_MNEM>
  <FINSRL_TYP>CPARTY  </FINSRL_TYP>
  <REL_TYP>OPERATIVE</REL_TYP>
  <START_TMS>2026-10-01 11:12:08</START_TMS>
  <LAST_CHG_TMS>2026-10-01 11:14:38</LAST_CHG_TMS>
  <LAST_CHG_USR_ID>O016991</LAST_CHG_USR_ID>
  <DATA_STAT_TYP>ACTIVE</DATA_STAT_TYP>
  <DATA_SRC_ID>RDR</DATA_SRC_ID>
  <FINR_OID>/IsFI7gtW1</FINR_OID>
 </ROW>
 <ROW>
  <FIRL_OID>)atJm(gtW1</FIRL_OID>
  <PRNT_INST_MNEM>/IsxL7gtW1</PRNT_INST_MNEM>
  <INST_MNEM>/IsxL7gtW1</INST_MNEM>
  <FINSRL_TYP>INDVDUAL</FINSRL_TYP>
  <REL_TYP>GLOBAL</REL_TYP>
  <START_TMS>2026-10-01 12:04:57</START_TMS>
  <LAST_CHG_TMS>2026-10-01 12:06:46</LAST_CHG_TMS>
  <LAST_CHG_USR_ID>T045519</LAST_CHG_USR_ID>
  <DATA_STAT_TYP>ACTIVE</DATA_STAT_TYP>
  <DATA_SRC_ID>RDR</DATA_SRC_ID>
  <FINR_OID>/IsyL7gtW1</FINR_OID>
 </ROW>
 <ROW>
  <FIRL_OID>o&gt;t7m(gtW1</FIRL_OID>
  <PRNT_INST_MNEM>/IsJM7gtW1</PRNT_INST_MNEM>
  <INST_MNEM>/IsJM7gtW1</INST_MNEM>
  <FINSRL_TYP>INDVDUAL</FINSRL_TYP>
  <REL_TYP>GLOBAL</REL_TYP>
  <START_TMS>2026-10-01 12:27:45</START_TMS>
  <LAST_CHG_TMS>2026-10-01 12:49:42</LAST_CHG_TMS>
  <LAST_CHG_USR_ID>T045519</LAST_CHG_USR_ID>
  <DATA_STAT_TYP>ACTIVE</DATA_STAT_TYP>
  <DATA_SRC_ID>RDR</DATA_SRC_ID>
  <FINR_OID>/IsKM7gtW1</FINR_OID>
 </ROW>
</ROWSET>

FT_T_FIST,<?xml version="1.0"?>
<ROWSET>
 <ROW>
  <STAT_ID>egs2m(gtW1</STAT_ID>
  <STAT_DEF_ID>UKFIRM  </STAT_DEF_ID>
  <INST_MNEM>/IsoG7gtW1</INST_MNEM>
  <START_TMS>2026-10-01 10:26:41</START_TMS>
  <LAST_CHG_TMS>2026-10-01 10:31:28</LAST_CHG_TMS>
  <LAST_CHG_USR_ID>T045519</LAST_CHG_USR_ID>
  <STAT_CHAR_VAL_TXT>Y</STAT_CHAR_VAL_TXT>
  <DATA_STAT_TYP>ACTIVE</DATA_STAT_TYP>
  <DATA_SRC_ID>RDR</DATA_SRC_ID>
 </ROW>
 <ROW>
  <STAT_ID>egsAm(gtW1</STAT_ID>
  <STAT_DEF_ID>NFCSECCA</STAT_DEF_ID>
  <INST_MNEM>/IsoG7gtW1</INST_MNEM>
  <START_TMS>2026-10-01 10:28:04</START_TMS>
  <LAST_CHG_TMS>2026-10-01 10:31:28</LAST_CHG_TMS>
  <LAST_CHG_USR_ID>T045519</LAST_CHG_USR_ID>
  <STAT_CHAR_VAL_TXT>N</STAT_CHAR_VAL_TXT>
  <DATA_STAT_TYP>ACTIVE</DATA_STAT_TYP>
  <DATA_SRC_ID>RDR</DATA_SRC_ID>
 </ROW>
 <ROW>
  <STAT_ID>egsBm(gtW1</STAT_ID>
  <STAT_DEF_ID>MIFIFIRM</STAT_DEF_ID>
  <INST_MNEM>/IsoG7gtW1</INST_MNEM>
  <START_TMS>2026-10-01 10:26:41</START_TMS>
  <LAST_CHG_TMS>2026-10-01 10:31:28</LAST_CHG_TMS>
  <LAST_CHG_USR_ID>T045519</LAST_CHG_USR_ID>
  <STAT_CHAR_VAL_TXT>Y</STAT_CHAR_VAL_TXT>
  <DATA_STAT_TYP>ACTIVE</DATA_STAT_TYP>
  <DATA_SRC_ID>RDR</DATA_SRC_ID>
 </ROW>
 <ROW>
  <STAT_ID>egsGm(gtW1</STAT_ID>
  <STAT_DEF_ID>MAINROL </STAT_DEF_ID>
  <INST_MNEM>/IsEI7gtW1</INST_MNEM>
  <START_TMS>2026-10-01 11:12:06</START_TMS>
  <LAST_CHG_TMS>2026-10-01 11:14:38</LAST_CHG_TMS>
  <LAST_CHG_USR_ID>O016991</LAST_CHG_USR_ID>
  <STAT_CHAR_VAL_TXT>CPARTY</STAT_CHAR_VAL_TXT>
  <DATA_STAT_TYP>ACTIVE</DATA_STAT_TYP>
  <DATA_SRC_ID>RDR</DATA_SRC_ID>
 </ROW>
 <ROW>
  <STAT_ID>egsHm(gtW1</STAT_ID>
  <STAT_DEF_ID>COMMENT </STAT_DEF_ID>
  <INST_MNEM>/IsEI7gtW1</INST_MNEM>
  <START_TMS>2026-10-01 11:12:14</START_TMS>
  <LAST_CHG_TMS>2026-10-01 11:14:38</LAST_CHG_TMS>
  <LAST_CHG_USR_ID>O016991</LAST_CHG_USR_ID>
  <STAT_CHAR_VAL_TXT>BUNGE ALIMENTOS S/A</STAT_CHAR_VAL_TXT>
  <DATA_STAT_TYP>ACTIVE</DATA_STAT_TYP>
  <DATA_SRC_ID>DIFUSION</DATA_SRC_ID>
 </ROW>
 <ROW>
  <STAT_ID>)at8m(gtW1</STAT_ID>
  <STAT_DEF_ID>UKFIRM  </STAT_DEF_ID>
  <INST_MNEM>/IsxL7gtW1</INST_MNEM>
  <START_TMS>2026-10-01 12:04:57</START_TMS>
  <LAST_CHG_TMS>2026-10-01 12:06:46</LAST_CHG_TMS>
  <LAST_CHG_USR_ID>T045519</LAST_CHG_USR_ID>
  <STAT_CHAR_VAL_TXT>Y</STAT_CHAR_VAL_TXT>
  <DATA_STAT_TYP>ACTIVE</DATA_STAT_TYP>
  <DATA_SRC_ID>RDR</DATA_SRC_ID>
 </ROW>
 <ROW>
  <STAT_ID>)atGm(gtW1</STAT_ID>
  <STAT_DEF_ID>NFCSECCA</STAT_DEF_ID>
  <INST_MNEM>/IsxL7gtW1</INST_MNEM>
  <START_TMS>2026-10-01 12:05:41</START_TMS>
  <LAST_CHG_TMS>2026-10-01 12:06:46</LAST_CHG_TMS>
  <LAST_CHG_USR_ID>T045519</LAST_CHG_USR_ID>
  <STAT_CHAR_VAL_TXT>N</STAT_CHAR_VAL_TXT>
  <DATA_STAT_TYP>ACTIVE</DATA_STAT_TYP>
  <DATA_SRC_ID>RDR</DATA_SRC_ID>
 </ROW>
 <ROW>
  <STAT_ID>)atHm(gtW1</STAT_ID>
  <STAT_DEF_ID>MIFIFIRM</STAT_DEF_ID>
  <INST_MNEM>/IsxL7gtW1</INST_MNEM>
  <START_TMS>2026-10-01 12:04:57</START_TMS>
  <LAST_CHG_TMS>2026-10-01 12:06:46</LAST_CHG_TMS>
  <LAST_CHG_USR_ID>T045519</LAST_CHG_USR_ID>
  <STAT_CHAR_VAL_TXT>Y</STAT_CHAR_VAL_TXT>
  <DATA_STAT_TYP>ACTIVE</DATA_STAT_TYP>
  <DATA_SRC_ID>RDR</DATA_SRC_ID>
 </ROW>
 <ROW>
  <STAT_ID>o&gt;t2m(gtW1</STAT_ID>
  <STAT_DEF_ID>UKFIRM  </STAT_DEF_ID>
  <INST_MNEM>/IsJM7gtW1</INST_MNEM>
  <START_TMS>2026-10-01 12:27:45</START_TMS>
  <LAST_CHG_TMS>2026-10-01 12:49:42</LAST_CHG_TMS>
  <LAST_CHG_USR_ID>T045519</LAST_CHG_USR_ID>
  <STAT_CHAR_VAL_TXT>Y</STAT_CHAR_VAL_TXT>
  <DATA_STAT_TYP>ACTIVE</DATA_STAT_TYP>
  <DATA_SRC_ID>RDR</DATA_SRC_ID>
 </ROW>
 <ROW>
  <STAT_ID>o&gt;t4m(gtW1</STAT_ID>
  <STAT_DEF_ID>NFCSECCA</STAT_DEF_ID>
  <INST_MNEM>/IsJM7gtW1</INST_MNEM>
  <START_TMS>2026-10-01 12:44:12</START_TMS>
  <LAST_CHG_TMS>2026-10-01 12:49:42</LAST_CHG_TMS>
  <LAST_CHG_USR_ID>T045519</LAST_CHG_USR_ID>
  <STAT_CHAR_VAL_TXT>N</STAT_CHAR_VAL_TXT>
  <DATA_STAT_TYP>ACTIVE</DATA_STAT_TYP>
  <DATA_SRC_ID>RDR</DATA_SRC_ID>
 </ROW>
 <ROW>
  <STAT_ID>o&gt;t5m(gtW1</STAT_ID>
  <STAT_DEF_ID>MIFIFIRM</STAT_DEF_ID>
  <INST_MNEM>/IsJM7gtW1</INST_MNEM>
  <START_TMS>2026-10-01 12:27:45</START_TMS>
  <LAST_CHG_TMS>2026-10-01 12:49:42</LAST_CHG_TMS>
  <LAST_CHG_USR_ID>T045519</LAST_CHG_USR_ID>
  <STAT_CHAR_VAL_TXT>Y</STAT_CHAR_VAL_TXT>
  <DATA_STAT_TYP>ACTIVE</DATA_STAT_TYP>
  <DATA_SRC_ID>RDR</DATA_SRC_ID>
 </ROW>
</ROWSET>

FT_T_FRCL,<?xml version="1.0"?>
<ROWSET>
 <ROW>
  <FINR_CLSF_OID>egsEm(gtW1</FINR_CLSF_OID>
  <INST_MNEM>/IsoG7gtW1</INST_MNEM>
  <FINSRL_TYP>INDVDUAL</FINSRL_TYP>
  <INDUS_CL_SET_ID>TPFINF    </INDUS_CL_SET_ID>
  <CLSF_OID>=002DCDB88</CLSF_OID>
  <CL_VALUE>FINANCIAL</CL_VALUE>
  <START_TMS>2026-10-01 10:26:54</START_TMS>
  <LAST_CHG_TMS>2026-10-01 10:31:29</LAST_CHG_TMS>
  <LAST_CHG_USR_ID>T045519</LAST_CHG_USR_ID>
  <DATA_STAT_TYP>ACTIVE</DATA_STAT_TYP>
  <DATA_SRC_ID>RDR</DATA_SRC_ID>
  <FINR_OID>/IspG7gtW1</FINR_OID>
 </ROW>
 <ROW>
  <FINR_CLSF_OID>/IsII7gtW1</FINR_CLSF_OID>
  <INST_MNEM>/IsEI7gtW1</INST_MNEM>
  <FINSRL_TYP>CPARTY  </FINSRL_TYP>
  <INDUS_CL_SET_ID>BDLOCAL   </INDUS_CL_SET_ID>
  <CLSF_OID>=002DCDB8D</CLSF_OID>
  <CL_VALUE>I</CL_VALUE>
  <START_TMS>2026-10-01 11:12:14</START_TMS>
  <LAST_CHG_TMS>2026-10-01 11:14:38</LAST_CHG_TMS>
  <LAST_CHG_USR_ID>O016991</LAST_CHG_USR_ID>
  <DATA_STAT_TYP>ACTIVE</DATA_STAT_TYP>
  <DATA_SRC_ID>RDR</DATA_SRC_ID>
  <FINR_OID>/IsFI7gtW1</FINR_OID>
 </ROW>
 <ROW>
  <FINR_CLSF_OID>=105D74A83</FINR_CLSF_OID>
  <INST_MNEM>=002BEF675</INST_MNEM>
  <FINSRL_TYP>CPARTY  </FINSRL_TYP>
  <INDUS_CL_SET_ID>SAACCT    </INDUS_CL_SET_ID>
  <CLSF_OID>=102603460</CLSF_OID>
  <CL_VALUE>FFA</CL_VALUE>
  <START_TMS>2026-10-01 12:00:40</START_TMS>
  <LAST_CHG_TMS>2026-10-01 12:00:40</LAST_CHG_TMS>
  <LAST_CHG_USR_ID>O014869</LAST_CHG_USR_ID>
  <DATA_STAT_TYP>ACTIVE</DATA_STAT_TYP>
  <DATA_SRC_ID>BB</DATA_SRC_ID>
  <FINR_OID>$00359D4F9</FINR_OID>
 </ROW>
 <ROW>
  <FINR_CLSF_OID>=105D74A84</FINR_CLSF_OID>
  <INST_MNEM>=002BEF675</INST_MNEM>
  <FINSRL_TYP>CPARTY  </FINSRL_TYP>
  <INDUS_CL_SET_ID>SAASECT   </INDUS_CL_SET_ID>
  <CLSF_OID>=02FE8AE3D</CLSF_OID>
  <CL_VALUE>F</CL_VALUE>
  <START_TMS>2026-10-01 12:00:40</START_TMS>
  <LAST_CHG_TMS>2026-10-01 12:00:40</LAST_CHG_TMS>
  <LAST_CHG_USR_ID>O014869</LAST_CHG_USR_ID>
  <DATA_STAT_TYP>ACTIVE</DATA_STAT_TYP>
  <DATA_SRC_ID>BB</DATA_SRC_ID>
  <FINR_OID>$00359D4F9</FINR_OID>
 </ROW>
 <ROW>
  <FINR_CLSF_OID>=105D74A85</FINR_CLSF_OID>
  <INST_MNEM>=002BEF675</INST_MNEM>
  <FINSRL_TYP>CPARTY  </FINSRL_TYP>
  <INDUS_CL_SET_ID>SAASUBS   </INDUS_CL_SET_ID>
  <CLSF_OID>=102603476</CLSF_OID>
  <CL_VALUE>FF</CL_VALUE>
  <START_TMS>2026-10-01 12:00:40</START_TMS>
  <LAST_CHG_TMS>2026-10-01 12:00:40</LAST_CHG_TMS>
  <LAST_CHG_USR_ID>O014869</LAST_CHG_USR_ID>
  <DATA_STAT_TYP>ACTIVE</DATA_STAT_TYP>
  <DATA_SRC_ID>BB</DATA_SRC_ID>
  <FINR_OID>$00359D4F9</FINR_OID>
 </ROW>
 <ROW>
  <FINR_CLSF_OID>)atKm(gtW1</FINR_CLSF_OID>
  <INST_MNEM>/IsxL7gtW1</INST_MNEM>
  <FINSRL_TYP>INDVDUAL</FINSRL_TYP>
  <INDUS_CL_SET_ID>TPFINF    </INDUS_CL_SET_ID>
  <CLSF_OID>=002DCDB88</CLSF_OID>
  <CL_VALUE>FINANCIAL</CL_VALUE>
  <START_TMS>2026-10-01 12:05:09</START_TMS>
  <LAST_CHG_TMS>2026-10-01 12:06:46</LAST_CHG_TMS>
  <LAST_CHG_USR_ID>T045519</LAST_CHG_USR_ID>
  <DATA_STAT_TYP>ACTIVE</DATA_STAT_TYP>
  <DATA_SRC_ID>RDR</DATA_SRC_ID>
  <FINR_OID>/IsyL7gtW1</FINR_OID>
 </ROW>
 <ROW>
  <FINR_CLSF_OID>o&gt;t8m(gtW1</FINR_CLSF_OID>
  <INST_MNEM>/IsJM7gtW1</INST_MNEM>
  <FINSRL_TYP>INDVDUAL</FINSRL_TYP>
  <INDUS_CL_SET_ID>TPFINF    </INDUS_CL_SET_ID>
  <CLSF_OID>=002DCDB88</CLSF_OID>
  <CL_VALUE>FINANCIAL</CL_VALUE>
  <START_TMS>2026-10-01 12:28:13</START_TMS>
  <LAST_CHG_TMS>2026-10-01 12:49:42</LAST_CHG_TMS>
  <LAST_CHG_USR_ID>T045519</LAST_CHG_USR_ID>
  <DATA_STAT_TYP>ACTIVE</DATA_STAT_TYP>
  <DATA_SRC_ID>RDR</DATA_SRC_ID>
  <FINR_OID>/IsKM7gtW1</FINR_OID>
 </ROW>
</ROWSET>

FT_T_WSUS,<?xml version="1.0"?>
<ROWSET>
 <ROW>
  <WSUS_OID>&lt;ou.O7D9O1</WSUS_OID>
  <OWNER_USR_ID>MI41997</OWNER_USR_ID>
  <APPL_ID>GS      </APPL_ID>
  <SETTING_TYP>GENERAL</SETTING_TYP>
  <PUBLIC_IND>N</PUBLIC_IND>
  <USER_DATA_CLOB>hideIfEmpty:false,ORG_ID:ENT1,SET_CASE_SENSITIVE:true,showFVSH:false,showVDDB:false,showRuleSimulator:false,SHOWSUBMITCONFIRMATION:true,HIDE_TOOLTIPS:false,NLS_CDE:ENGLISH,RECIPIENTEMAILID:,SHOWSAVECHANGESWARNING:false,AUTOHIDENAVTREE:false,showCDC:false,showAudit:false,SHOWSAVECONFIRMATION:false,STARTINDASHBOARD:false,TIMEZONE:Europe/Madrid,userRole:administrators</USER_DATA_CLOB>
  <LAST_CHG_TMS>2026-09-30 22:39:41</LAST_CHG_TMS>
  <LAST_CHG_USR_ID>MI41997</LAST_CHG_USR_ID>
  <START_TMS>2025-06-30 16:00:40</START_TMS>
 </ROW>
 <ROW>
  <WSUS_OID>BAzjR7bAO1</WSUS_OID>
  <OWNER_USR_ID>o016991</OWNER_USR_ID>
  <APPL_ID>GS      </APPL_ID>
  <SETTING_TYP>GENERAL</SETTING_TYP>
  <PUBLIC_IND>N</PUBLIC_IND>
  <USER_DATA_CLOB>hideIfEmpty:false,ORG_ID:ENT1,SET_CASE_SENSITIVE:true,showFVSH:false,showVDDB:false,showRuleSimulator:false,SHOWSUBMITCONFIRMATION:false,HIDE_TOOLTIPS:false,NLS_CDE:SPANISH,RECIPIENTEMAILID:,SHOWSAVECHANGESWARNING:false,AUTOHIDENAVTREE:false,showCDC:false,showAudit:false,SHOWSAVECONFIRMATION:false,STARTINDASHBOARD:false,TIMEZONE:Europe/Madrid,userRole:administrators</USER_DATA_CLOB>
  <LAST_CHG_TMS>2026-10-01 12:47:36</LAST_CHG_TMS>
  <LAST_CHG_USR_ID>o016991</LAST_CHG_USR_ID>
  <START_TMS>2025-07-02 09:48:26</START_TMS>
 </ROW>
 <ROW>
  <WSUS_OID>&lt;PtzK7vdW1</WSUS_OID>
  <OWNER_USR_ID>T030686</OWNER_USR_ID>
  <APPL_ID>GS      </APPL_ID>
  <SETTING_TYP>GENERAL</SETTING_TYP>
  <PUBLIC_IND>N</PUBLIC_IND>
  <USER_DATA_CLOB>hideIfEmpty:false,ORG_ID:ENT1,SET_CASE_SENSITIVE:true,showFVSH:false,showVDDB:false,showRuleSimulator:false,SHOWSUBMITCONFIRMATION:true,HIDE_TOOLTIPS:false,NLS_CDE:ENGLISH,RECIPIENTEMAILID:,SHOWSAVECHANGESWARNING:false,AUTOHIDENAVTREE:false,showCDC:false,showAudit:false,SHOWSAVECONFIRMATION:false,STARTINDASHBOARD:false,TIMEZONE:Europe/Madrid,userRole:administrators</USER_DATA_CLOB>
  <LAST_CHG_TMS>2026-10-01 12:43:16</LAST_CHG_TMS>
  <LAST_CHG_USR_ID>T030686</LAST_CHG_USR_ID>
  <START_TMS>2025-09-19 12:43:45</START_TMS>
 </ROW>
 <ROW>
  <WSUS_OID>2sx2K7AG01</WSUS_OID>
  <OWNER_USR_ID>t061576</OWNER_USR_ID>
  <APPL_ID>GS      </APPL_ID>
  <SETTING_TYP>GENERAL</SETTING_TYP>
  <PUBLIC_IND>N</PUBLIC_IND>
  <USER_DATA_CLOB>hideIfEmpty:false,ORG_ID:ENT1,SET_CASE_SENSITIVE:true,showFVSH:false,showVDDB:false,showRuleSimulator:false,SHOWSUBMITCONFIRMATION:true,HIDE_TOOLTIPS:false,NLS_CDE:ENGLISH,RECIPIENTEMAILID:,SHOWSAVECHANGESWARNING:false,AUTOHIDENAVTREE:false,showCDC:false,showAudit:false,SHOWSAVECONFIRMATION:true,STARTINDASHBOARD:false,TIMEZONE:Europe/Madrid,userRole:administrators</USER_DATA_CLOB>
  <LAST_CHG_TMS>2026-10-01 09:44:58</LAST_CHG_TMS>
  <LAST_CHG_USR_ID>t061576</LAST_CHG_USR_ID>
  <START_TMS>2026-01-14 12:26:14</START_TMS>
 </ROW>
</ROWSET>

REGISTER_LOG_TABLE,<?xml version="1.0"?>
<ROWSET>
 <ROW>
  <RLT_OID>=105D72CD0</RLT_OID>
  <RECORD_SEQ_NUM>1</RECORD_SEQ_NUM>
  <RLT_DIF_STAT>OK</RLT_DIF_STAT>
  <MESSAGE_RLT>Modificados los mensajes</MESSAGE_RLT>
  <DATA_SRC_APP>AlertasBarrido</DATA_SRC_APP>
  <SRC_FIELD>=105D72CCD</SRC_FIELD>
  <MAIN_ENTITY_NME>modificaMessages</MAIN_ENTITY_NME>
  <MAIN_ENTITY_ID>0.001</MAIN_ENTITY_ID>
  <START_TMS>2026-10-01 01:00:27</START_TMS>
  <LAST_CHG_TMS>2026-10-01 01:00:27</LAST_CHG_TMS>
  <LAST_CHG_USR_ID>GESTION_ALERTAS</LAST_CHG_USR_ID>
 </ROW>
 <ROW>
  <RLT_OID>=105D72CD1</RLT_OID>
  <RECORD_SEQ_NUM>1</RECORD_SEQ_NUM>
  <RLT_DIF_STAT>OK</RLT_DIF_STAT>
  <MESSAGE_RLT>Se obtuvieron las inserciones</MESSAGE_RLT>
  <RLT_FIELD>REG_ALG1</RLT_FIELD>
  <RLT_PURP_TYP>0</RLT_PURP_TYP>
  <DATA_SRC_APP>AlertasBarrido</DATA_SRC_APP>
  <SRC_FIELD>=105D72CCD</SRC_FIELD>
  <MAIN_ENTITY_NME>getInsertsALG1</MAIN_ENTITY_NME>
  <MAIN_ENTITY_ID>0.001</MAIN_ENTITY_ID>
  <START_TMS>2026-10-01 01:00:27</START_TMS>
  <LAST_CHG_TMS>2026-10-01 01:00:27</LAST_CHG_TMS>
  <LAST_CHG_USR_ID>GESTION_ALERTAS</LAST_CHG_USR_ID>
 </ROW>
 <ROW>
  <RLT_OID>=105D72CD2</RLT_OID>
  <RECORD_SEQ_NUM>1</RECORD_SEQ_NUM>
  <RLT_DIF_STAT>OK</RLT_DIF_STAT>
  <MESSAGE_RLT>Se obtuvieron las inserciones</MESSAGE_RLT>
  <RLT_FIELD>REG_RLT1</RLT_FIELD>
  <RLT_PURP_TYP>0</RLT_PURP_TYP>
  <DATA_SRC_APP>AlertasBarrido</DATA_SRC_APP>
  <SRC_FIELD>=105D72CCD</SRC_FIELD>
  <MAIN_ENTITY_NME>getErrorsRLT1</MAIN_ENTITY_NME>
  <MAIN_ENTITY_ID>0.001</MAIN_ENTITY_ID>
  <START_TMS>2026-10-01 01:00:27</START_TMS>
  <LAST_CHG_TMS>2026-10-01 01:00:27</LAST_CHG_TMS>
  <LAST_CHG_USR_ID>GESTION_ALERTAS</LAST_CHG_USR_ID>
 </ROW>
 <ROW>
  <RLT_OID>=105D72CD3</RLT_OID>
  <RECORD_SEQ_NUM>1</RECORD_SEQ_NUM>
  <RLT_DIF_STAT>OK</RLT_DIF_STAT>
  <MESSAGE_RLT>Inserciones realizadas en la ALG1</MESSAGE_RLT>
  <RLT_FIELD>REG_ALG1</RLT_FIELD>
  <RLT_PURP_TYP>0</RLT_PURP_TYP>
  <DATA_SRC_APP>AlertasBarrido</DATA_SRC_APP>
  <SRC_FIELD>=105D72CCD</SRC_FIELD>
  <MAIN_ENTITY_NME>realizaInserciones</MAIN_ENTITY_NME>
  <MAIN_ENTITY_ID>0.0</MAIN_ENTITY_ID>
  <START_TMS>2026-10-01 01:00:27</START_TMS>
  <LAST_CHG_TMS>2026-10-01 01:00:27</LAST_CHG_TMS>
  <LAST_CHG_USR_ID>GESTION_ALERTAS</LAST_CHG_USR_ID>
 </ROW>
 <ROW>
  <RLT_OID>=105D72CD4</RLT_OID>
  <RECORD_SEQ_NUM>1</RECORD_SEQ_NUM>
  <RLT_DIF_STAT>OK</RLT_DIF_STAT>
  <MESSAGE_RLT>Inserciones realizadas en la RLT1</MESSAGE_RLT>
  <RLT_FIELD>REG_RLT1</RLT_FIELD>
  <RLT_PURP_TYP>0</RLT_PURP_TYP>
  <DATA_SRC_APP>AlertasBarrido</DATA_SRC_APP>
  <SRC_FIELD>=105D72CCD</SRC_FIELD>
  <MAIN_ENTITY_NME>realizaInserciones</MAIN_ENTITY_NME>
  <MAIN_ENTITY_ID>0.0</MAIN_ENTITY_ID>
  <START_TMS>2026-10-01 01:00:27</START_TMS>
  <LAST_CHG_TMS>2026-10-01 01:00:27</LAST_CHG_TMS>
  <LAST_CHG_USR_ID>GESTION_ALERTAS</LAST_CHG_USR_ID>
 </ROW>
 <ROW>
  <RLT_OID>=105D72CD5</RLT_OID>
  <RECORD_SEQ_NUM>1</RECORD_SEQ_NUM>
  <RLT_DIF_STAT>OK</RLT_DIF_STAT>
  <MESSAGE_RLT>Se marcaron los registros utilizados de la TPG1 con END_TMS.</MESSAGE_RLT>
  <RLT_FIELD>REG_TPG1</RLT_FIELD>
  <RLT_PURP_TYP>0</RLT_PURP_TYP>
  <DATA_SRC_APP>AlertasBarrido</DATA_SRC_APP>
  <SRC_FIELD>=105D72CCD</SRC_FIELD>
  <MAIN_ENTITY_NME>marcaUsadosTPG1</MAIN_ENTITY_NME>
  <MAIN_ENTITY_ID>0.0</MAIN_ENTITY_ID>
  <START_TMS>2026-10-01 01:00:27</START_TMS>
  <LAST_CHG_TMS>2026-10-01 01:00:27</LAST_CHG_TMS>
  <LAST_CHG_USR_ID>GESTION_ALERTAS</LAST_CHG_USR_ID>
 </ROW>
 <ROW>
  <RLT_OID>=105D72CD7</RLT_OID>
  <RECORD_SEQ_NUM>1</RECORD_SEQ_NUM>
  <RLT_DIF_STAT>KO</RLT_DIF_STAT>
  <MESSAGE_RLT>Error al crear las estadisticas.</MESSAGE_RLT>
  <DATA_SRC_APP>AlertasBarrido</DATA_SRC_APP>
  <SRC_FIELD>=105D72CCD</SRC_FIELD>
  <MAIN_ENTITY_NME>generaEstadisiticasALG1</MAIN_ENTITY_NME>
  <MAIN_ENTITY_ID>0.347</MAIN_ENTITY_ID>
  <START_TMS>2026-10-01 01:00:27</START_TMS>
  <LAST_CHG_TMS>2026-10-01 01:00:27</LAST_CHG_TMS>
  <LAST_CHG_USR_ID>GESTION_ALERTAS</LAST_CHG_USR_ID>
 </ROW>
 <ROW>
  <RLT_OID>=105D72CD9</RLT_OID>
  <RECORD_SEQ_NUM>1</RECORD_SEQ_NUM>
  <RLT_DIF_STAT>OK</RLT_DIF_STAT>
  <MESSAGE_RLT>Conexion creada</MESSAGE_RLT>
  <DATA_SRC_APP>AlertasCocinado</DATA_SRC_APP>
  <SRC_FIELD>=105D72CD8</SRC_FIELD>
  <MAIN_ENTITY_NME>configuraBBDD</MAIN_ENTITY_NME>
  <MAIN_ENTITY_ID>0.764</MAIN_ENTITY_ID>
  <START_TMS>2026-10-01 01:00:29</START_TMS>
  <LAST_CHG_TMS>2026-10-01 01:00:29</LAST_CHG_TMS>
  <LAST_CHG_USR_ID>GESTION_ALERTAS</LAST_CHG_USR_ID>
 </ROW>
 <ROW>
  <RLT_OID>=105D72CDA</RLT_OID>
  <RECORD_SEQ_NUM>1</RECORD_SEQ_NUM>
  <RLT_DIF_STAT>OK</RLT_DIF_STAT>
  <MESSAGE_RLT>Recuperada la informacion de los procesos de la REP1</MESSAGE_RLT>
  <RLT_FIELD>Reportes</RLT_FIELD>
  <RLT_PURP_TYP>1</RLT_PURP_TYP>
  <DATA_SRC_APP>AlertasCocinado</DATA_SRC_APP>
  <SRC_FIELD>=105D72CD8</SRC_FIELD>
  <MAIN_ENTITY_NME>extraeReportes</MAIN_ENTITY_NME>
  <MAIN_ENTITY_ID>0.048</MAIN_ENTITY_ID>
  <START_TMS>2026-10-01 01:00:29</START_TMS>
  <LAST_CHG_TMS>2026-10-01 01:00:29</LAST_CHG_TMS>
  <LAST_CHG_USR_ID>GESTION_ALERTAS</LAST_CHG_USR_ID>
 </ROW>
 <ROW>
  <RLT_OID>=105D72CDB</RLT_OID>
  <RECORD_SEQ_NUM>1</RECORD_SEQ_NUM>
  <RLT_DIF_STAT>OK</RLT_DIF_STAT>
  <MESSAGE_RLT>Mensajes descargados</MESSAGE_RLT>
  <RLT_FIELD>Mensajes</RLT_FIELD>
  <RLT_PURP_TYP>0</RLT_PURP_TYP>
  <DATA_SRC_APP>AlertasCocinado</DATA_SRC_APP>
  <SRC_FIELD>=105D72CD8</SRC_FIELD>
  <MAIN_ENTITY_NME>descargaMensajesResportes</MAIN_ENTITY_NME>
  <MAIN_ENTITY_ID>0.087</MAIN_ENTITY_ID>
  <START_TMS>2026-10-01 01:00:29</START_TMS>
  <LAST_CHG_TMS>2026-10-01 01:00:29</LAST_CHG_TMS>
  <LAST_CHG_USR_ID>GESTION_ALERTAS</LAST_CHG_USR_ID>
 </ROW>
 <ROW>
  <RLT_OID>=105D72CDC</RLT_OID>
  <RECORD_SEQ_NUM>1</RECORD_SEQ_NUM>
  <RLT_DIF_STAT>OK</RLT_DIF_STAT>
  <MESSAGE_RLT>Documentos generados</MESSAGE_RLT>
  <RLT_FIELD>Documentos</RLT_FIELD>
  <RLT_PURP_TYP>0</RLT_PURP_TYP>
  <DATA_SRC_APP>AlertasCocinado</DATA_SRC_APP>
  <SRC_FIELD>=105D72CD8</SRC_FIELD>
  <MAIN_ENTITY_NME>generaDocumentos</MAIN_ENTITY_NME>
  <MAIN_ENTITY_ID>0.004</MAIN_ENTITY_ID>
  <START_TMS>2026-10-01 01:00:29</START_TMS>
  <LAST_CHG_TMS>2026-10-01 01:00:29</LAST_CHG_TMS>
  <LAST_CHG_USR_ID>GESTION_ALERTAS</LAST_CHG_USR_ID>
 </ROW>
 <ROW>
  <RLT_OID>=105D72CDD</RLT_OID>
  <RECORD_SEQ_NUM>1</RECORD_SEQ_NUM>
  <RLT_DIF_STAT>OK</RLT_DIF_STAT>
  <MESSAGE_RLT>Registros marcados como utilizados</MESSAGE_RLT>
  <DATA_SRC_APP>AlertasCocinado</DATA_SRC_APP>
  <SRC_FIELD>=105D72CD8</SRC_FIELD>
  <MAIN_ENTITY_NME>marcaALG1_Reportes</MAIN_ENTITY_NME>
  <MAIN_ENTITY_ID>0.007</MAIN_ENTITY_ID>
  <START_TMS>2026-10-01 01:00:29</START_TMS>
  <LAST_CHG_TMS>2026-10-01 01:00:29</LAST_CHG_TMS>
  <LAST_CHG_USR_ID>GESTION_ALERTAS</LAST_CHG_USR_ID>
 </ROW>
 <ROW>
  <RLT_OID>=105D74A88</RLT_OID>
  <RECORD_SEQ_NUM>1</RECORD_SEQ_NUM>
  <MESSAGE_RLT>Control del calculo de datos regulatorios</MESSAGE_RLT>
  <RLT_PURP_TYP>CONTROLDR</RLT_PURP_TYP>
  <DATA_SRC_APP>CALCULODR</DATA_SRC_APP>
  <SRC_FIELD>CALCULO</SRC_FIELD>
  <SRC_VALUE>false</SRC_VALUE>
  <GS_FIELD>REL_TYP</GS_FIELD>
  <GS_VALUE>GLOBAL</GS_VALUE>
  <MAIN_ENTITY_NME>FT_T_FIID.INST_MNEM</MAIN_ENTITY_NME>
  <MAIN_ENTITY_ID>$00359D4F8</MAIN_ENTITY_ID>
  <START_TMS>2026-10-01 12:00:40</START_TMS>
  <LAST_CHG_TMS>2026-10-01 12:00:40</LAST_CHG_TMS>
  <LAST_CHG_USR_ID>CONTROLDR</LAST_CHG_USR_ID>
 </ROW>
 <ROW>
  <RLT_OID>=105D74B8E</RLT_OID>
  <RECORD_SEQ_NUM>1</RECORD_SEQ_NUM>
  <MESSAGE_RLT>Control del calculo de datos regulatorios</MESSAGE_RLT>
  <RLT_PURP_TYP>CONTROLDR</RLT_PURP_TYP>
  <DATA_SRC_APP>CALCULODR</DATA_SRC_APP>
  <SRC_FIELD>CALCULO</SRC_FIELD>
  <SRC_VALUE>true</SRC_VALUE>
  <GS_FIELD>REL_TYP</GS_FIELD>
  <GS_VALUE>GLOBAL</GS_VALUE>
  <MAIN_ENTITY_NME>FT_T_FIID.INST_MNEM</MAIN_ENTITY_NME>
  <MAIN_ENTITY_ID>/IsJM7gtW1</MAIN_ENTITY_ID>
  <START_TMS>2026-10-01 12:49:42</START_TMS>
  <LAST_CHG_TMS>2026-10-01 12:49:42</LAST_CHG_TMS>
  <LAST_CHG_USR_ID>CONTROLDR</LAST_CHG_USR_ID>
 </ROW>
</ROWSET>

#FT_T_TRID,<?xml version="1.0"?>
<ROWSET>
 <ROW>
  <TRN_ID>++AicBCHS414i001</TRN_ID>
  <CREATED_TMS>2026-09-30 13:27:16</CREATED_TMS>
  <LAST_UPD_TMS>2026-09-30 13:27:17</LAST_UPD_TMS>
  <CRRNT_SEVERITY_CDE>10</CRRNT_SEVERITY_CDE>
  <CRRNT_TRN_STAT_TYP>CLOSED  </CRRNT_TRN_STAT_TYP>
  <INPUT_MSG_TYP>SD</INPUT_MSG_TYP>
  <MAIN_ENTITY_TBL_TYP>CNTC</MAIN_ENTITY_TBL_TYP>
  <TRN_USR_STAT_TYP>AUTO-CLOSE</TRN_USR_STAT_TYP>
 </ROW>
 <ROW>
  <TRN_ID>++AicBCnS414i001</TRN_ID>
  <CREATED_TMS>2026-09-30 13:35:21</CREATED_TMS>
  <LAST_UPD_TMS>2026-09-30 13:35:22</LAST_UPD_TMS>
  <CRRNT_SEVERITY_CDE>10</CRRNT_SEVERITY_CDE>
  <CRRNT_TRN_STAT_TYP>CLOSED  </CRRNT_TRN_STAT_TYP>
  <INPUT_MSG_TYP>SD</INPUT_MSG_TYP>
  <MAIN_ENTITY_TBL_TYP>SCIS</MAIN_ENTITY_TBL_TYP>
  <TRN_USR_STAT_TYP>AUTO-CLOSE</TRN_USR_STAT_TYP>
 </ROW>
 <ROW>
  <TRN_ID>00AicIZXS414i000</TRN_ID>
  <CREATED_TMS>2026-09-30 13:42:06</CREATED_TMS>
  <LAST_UPD_TMS>2026-09-30 13:42:07</LAST_UPD_TMS>
  <CRRNT_SEVERITY_CDE>10</CRRNT_SEVERITY_CDE>
  <CRRNT_TRN_STAT_TYP>CLOSED  </CRRNT_TRN_STAT_TYP>
  <INPUT_MSG_TYP>SD</INPUT_MSG_TYP>
  <MAIN_ENTITY_TBL_TYP>CNTC</MAIN_ENTITY_TBL_TYP>
  <TRN_USR_STAT_TYP>AUTO-CLOSE</TRN_USR_STAT_TYP>
 </ROW>
 <ROW>
  <TRN_ID>00AicId1S414i000</TRN_ID>
  <CREATED_TMS>2026-09-30 13:42:20</CREATED_TMS>
  <LAST_UPD_TMS>2026-09-30 13:42:20</LAST_UPD_TMS>
  <CRRNT_SEVERITY_CDE>10</CRRNT_SEVERITY_CDE>
  <CRRNT_TRN_STAT_TYP>CLOSED  </CRRNT_TRN_STAT_TYP>
  <INPUT_MSG_TYP>SD</INPUT_MSG_TYP>
  <MAIN_ENTITY_TBL_TYP>SCIS</MAIN_ENTITY_TBL_TYP>
  <TRN_USR_STAT_TYP>AUTO-CLOSE</TRN_USR_STAT_TYP>
 </ROW>
 <ROW>
  <TRN_ID>00AicLoXS414i002</TRN_ID>
  <CREATED_TMS>2026-09-30 14:49:58</CREATED_TMS>
  <LAST_UPD_TMS>2026-09-30 14:50:01</LAST_UPD_TMS>
  <CRRNT_SEVERITY_CDE>10</CRRNT_SEVERITY_CDE>
  <CRRNT_TRN_STAT_TYP>CLOSED  </CRRNT_TRN_STAT_TYP>
  <INPUT_MSG_TYP>SD</INPUT_MSG_TYP>
  <MAIN_ENTITY_TBL_TYP>CNTC</MAIN_ENTITY_TBL_TYP>
  <TRN_USR_STAT_TYP>AUTO-CLOSE</TRN_USR_STAT_TYP>
 </ROW>
 <ROW>
  <TRN_ID>01AicLkXS414i002</TRN_ID>
  <CREATED_TMS>2026-09-30 14:50:39</CREATED_TMS>
  <LAST_UPD_TMS>2026-09-30 14:50:40</LAST_UPD_TMS>
  <CRRNT_SEVERITY_CDE>10</CRRNT_SEVERITY_CDE>
  <CRRNT_TRN_STAT_TYP>CLOSED  </CRRNT_TRN_STAT_TYP>
  <INPUT_MSG_TYP>SD</INPUT_MSG_TYP>
  <MAIN_ENTITY_TBL_TYP>SCIS</MAIN_ENTITY_TBL_TYP>
  <TRN_USR_STAT_TYP>AUTO-CLOSE</TRN_USR_STAT_TYP>
 </ROW>
 <ROW>
  <TRN_ID>00AicWIXS414i001</TRN_ID>
  <CREATED_TMS>2026-09-30 14:50:48</CREATED_TMS>
  <LAST_UPD_TMS>2026-09-30 14:50:49</LAST_UPD_TMS>
  <CRRNT_SEVERITY_CDE>10</CRRNT_SEVERITY_CDE>
  <CRRNT_TRN_STAT_TYP>CLOSED  </CRRNT_TRN_STAT_TYP>
  <INPUT_MSG_TYP>SD</INPUT_MSG_TYP>
  <MAIN_ENTITY_TBL_TYP>SCIS</MAIN_ENTITY_TBL_TYP>
  <TRN_USR_STAT_TYP>AUTO-CLOSE</TRN_USR_STAT_TYP>
 </ROW>
 <ROW>
  <TRN_ID>00AicWLXS414i002</TRN_ID>
  <CREATED_TMS>2026-09-30 15:57:23</CREATED_TMS>
  <LAST_UPD_TMS>2026-09-30 15:57:25</LAST_UPD_TMS>
  <CRRNT_SEVERITY_CDE>10</CRRNT_SEVERITY_CDE>
  <CRRNT_TRN_STAT_TYP>CLOSED  </CRRNT_TRN_STAT_TYP>
  <INPUT_MSG_TYP>SD</INPUT_MSG_TYP>
  <MAIN_ENTITY_TBL_TYP>IDMV</MAIN_ENTITY_TBL_TYP>
  <TRN_USR_STAT_TYP>AUTO-CLOSE</TRN_USR_STAT_TYP>
 </ROW>
 <ROW>
  <TRN_ID>++AicgrHS414i002</TRN_ID>
  <CREATED_TMS>2026-09-30 16:15:22</CREATED_TMS>
  <LAST_UPD_TMS>2026-09-30 16:15:22</LAST_UPD_TMS>
  <CRRNT_SEVERITY_CDE>10</CRRNT_SEVERITY_CDE>
  <CRRNT_TRN_STAT_TYP>CLOSED  </CRRNT_TRN_STAT_TYP>
  <INPUT_MSG_TYP>SD</INPUT_MSG_TYP>
  <MAIN_ENTITY_ID>80082GLOBAL</MAIN_ENTITY_ID>
  <MAIN_ENTITY_ID_CTXT_TYP>FINSID</MAIN_ENTITY_ID_CTXT_TYP>
  <MAIN_ENTITY_NME>12c4CCEKP9FxrL Rv ufem015TX62J S 73IGwlng, ds mi h5</MAIN_ENTITY_NME>
  <MAIN_ENTITY_TBL_TYP>FINS</MAIN_ENTITY_TBL_TYP>
  <TRN_USR_STAT_TYP>AUTO-CLOSE</TRN_USR_STAT_TYP>
 </ROW>
 <ROW>
  <TRN_ID>00AiepyXS414i00C</TRN_ID>
  <CREATED_TMS>2026-10-01 09:37:00</CREATED_TMS>
  <LAST_UPD_TMS>2026-10-01 09:37:02</LAST_UPD_TMS>
  <CRRNT_SEVERITY_CDE>50</CRRNT_SEVERITY_CDE>
  <CRRNT_TRN_STAT_TYP>CLOSED  </CRRNT_TRN_STAT_TYP>
  <INPUT_MSG_TYP>SD</INPUT_MSG_TYP>
  <MAIN_ENTITY_ID>636016</MAIN_ENTITY_ID>
  <MAIN_ENTITY_ID_CTXT_TYP>FINSID</MAIN_ENTITY_ID_CTXT_TYP>
  <MAIN_ENTITY_NME>BUNGE ALIMENTOS SÑA</MAIN_ENTITY_NME>
  <MAIN_ENTITY_TBL_TYP>FINS</MAIN_ENTITY_TBL_TYP>
  <TRN_USR_STAT_TYP>AUTO-CLOSE</TRN_USR_STAT_TYP>
 </ROW>
 <ROW>
  <TRN_ID>00AihCPXS414i001</TRN_ID>
  <CREATED_TMS>2026-10-01 12:27:19</CREATED_TMS>
  <LAST_UPD_TMS>2026-10-01 12:27:19</LAST_UPD_TMS>
  <CRRNT_SEVERITY_CDE>10</CRRNT_SEVERITY_CDE>
  <CRRNT_TRN_STAT_TYP>CLOSED  </CRRNT_TRN_STAT_TYP>
  <INPUT_MSG_TYP>SD</INPUT_MSG_TYP>
  <MAIN_ENTITY_ID>3333</MAIN_ENTITY_ID>
  <MAIN_ENTITY_ID_CTXT_TYP>CSBCODE</MAIN_ENTITY_ID_CTXT_TYP>
  <MAIN_ENTITY_NME>TESTING-PROBANDO</MAIN_ENTITY_NME>
  <MAIN_ENTITY_TBL_TYP>FINS</MAIN_ENTITY_TBL_TYP>
  <TRN_USR_STAT_TYP>AUTO-CLOSE</TRN_USR_STAT_TYP>
 </ROW>
 <ROW>
  <TRN_ID>00AihCUXS414i003</TRN_ID>
  <CREATED_TMS>2026-10-01 12:49:41</CREATED_TMS>
  <LAST_UPD_TMS>2026-10-01 12:49:42</LAST_UPD_TMS>
  <CRRNT_SEVERITY_CDE>10</CRRNT_SEVERITY_CDE>
  <CRRNT_TRN_STAT_TYP>CLOSED  </CRRNT_TRN_STAT_TYP>
  <INPUT_MSG_TYP>SD</INPUT_MSG_TYP>
  <MAIN_ENTITY_NME>TSSTTST</MAIN_ENTITY_NME>
  <MAIN_ENTITY_TBL_TYP>FINS</MAIN_ENTITY_TBL_TYP>
  <TRN_USR_STAT_TYP>AUTO-CLOSE</TRN_USR_STAT_TYP>
 </ROW>
 <ROW>
  <TRN_ID>00AihMyXS414i002</TRN_ID>
  <CREATED_TMS>2026-10-01 12:49:45</CREATED_TMS>
  <LAST_UPD_TMS>2026-10-01 12:49:45</LAST_UPD_TMS>
  <CRRNT_SEVERITY_CDE>0</CRRNT_SEVERITY_CDE>
  <CRRNT_TRN_STAT_TYP>CLOSED  </CRRNT_TRN_STAT_TYP>
  <JOB_ID>00AihMyXS414i001</JOB_ID>
  <MAIN_ENTITY_ID>No Existe Legal Name</MAIN_ENTITY_ID>
  <MAIN_ENTITY_ID_CTXT_TYP>SHT-/IsJM7gtW1</MAIN_ENTITY_ID_CTXT_TYP>
  <MAIN_ENTITY_NME>Shortname RDR Identifier -- No se realiza ninguna accion</MAIN_ENTITY_NME>
  <MAIN_ENTITY_TYP>SHTNMEID</MAIN_ENTITY_TYP>
  <MAIN_ENTITY_TBL_TYP>FRID</MAIN_ENTITY_TBL_TYP>
  <TRN_USR_STAT_TYP>NEW</TRN_USR_STAT_TYP>
 </ROW>
</ROWSET>

#FT_T_NTEL,<?xml version="1.0"?>
<ROWSET>
 <ROW>
  <NTEL_OID>00AiepyXS414i00D</NTEL_OID>
  <TRN_ID>00AiepyXS414i00C</TRN_ID>
  <SOURCE_ID>KYTL_GC@BKYTL003</SOURCE_ID>
  <XREF_TBL_TYP>FINS</XREF_TBL_TYP>
  <XREF_TBL_OID>3hxOG7IsW1</XREF_TBL_OID>
  <NOTFCN_STAT_TYP>OPEN</NOTFCN_STAT_TYP>
  <APPL_ID>STRDATA </APPL_ID>
  <PART_ID>STRDATA </PART_ID>
  <NOTFCN_ID>181</NOTFCN_ID>
  <PARM_VAL_TXT>Industry Classification OID Financial Institution FINSID 636016 Fins Role Classification FINR_OID=3hxPG7IsW1,INDUS_CL_SET_ID=CNAE,START_TMS=10/01/2026 09:36:15, Update</PARM_VAL_TXT>
  <CHAR_VAL_TXT>Data value for Industry Classification OID of the Financial Institution with FINSID 636016 is missing in the incoming message for Fins Role Classification segment with FINR_OID=3hxPG7IsW1,INDUS_CL_SET_ID=CNAE,START_TMS=10/01/2026 09:36:15,. So the Update to the Fins Role Classification table failed/could not be performed.</CHAR_VAL_TXT>
  <NOTFCN_CRTE_TMS>2026-10-01 09:37:02</NOTFCN_CRTE_TMS>
  <LST_NOTFCN_TMS>2026-10-01 09:37:02</LST_NOTFCN_TMS>
  <NOTFCN_CNT>1</NOTFCN_CNT>
  <NOTFCN_OCCUR_CNT>1</NOTFCN_OCCUR_CNT>
  <MSG_TYP>SD</MSG_TYP>
  <LAST_CHG_TRN_ID>00AiepyXS414i00C</LAST_CHG_TRN_ID>
  <LAST_CHG_USR_ID>SD</LAST_CHG_USR_ID>
  <MSG_SEVERITY_CDE>40</MSG_SEVERITY_CDE>
  <AUTO_CLOSE_IND>Y</AUTO_CLOSE_IND>
 </ROW>
 <ROW>
  <NTEL_OID>00AiepyXS414i00E</NTEL_OID>
  <TRN_ID>00AiepyXS414i00C</TRN_ID>
  <SOURCE_ID>KYTL_GC@BKYTL003</SOURCE_ID>
  <XREF_TBL_TYP>FINS</XREF_TBL_TYP>
  <XREF_TBL_OID>3hxOG7IsW1</XREF_TBL_OID>
  <NOTFCN_STAT_TYP>OPEN</NOTFCN_STAT_TYP>
  <APPL_ID>STRDATA </APPL_ID>
  <PART_ID>STRDATA </PART_ID>
  <NOTFCN_ID>153</NOTFCN_ID>
  <PARM_VAL_TXT>Table FinsRoleClassification Occurence: 9 Error occured while processing UI message</PARM_VAL_TXT>
  <CHAR_VAL_TXT>Table FinsRoleClassification Occurence: 9 Segment Failed as a fatal error occurred while processing message.Additional information:Error occured while processing UI message
.</CHAR_VAL_TXT>
  <NOTFCN_CRTE_TMS>2026-10-01 09:37:02</NOTFCN_CRTE_TMS>
  <LST_NOTFCN_TMS>2026-10-01 09:37:02</LST_NOTFCN_TMS>
  <NOTFCN_CNT>2</NOTFCN_CNT>
  <NOTFCN_OCCUR_CNT>1</NOTFCN_OCCUR_CNT>
  <MSG_TYP>SD</MSG_TYP>
  <LAST_CHG_TRN_ID>00AiepyXS414i00C</LAST_CHG_TRN_ID>
  <LAST_CHG_USR_ID>SD</LAST_CHG_USR_ID>
  <MSG_SEVERITY_CDE>50</MSG_SEVERITY_CDE>
  <AUTO_CLOSE_IND>Y</AUTO_CLOSE_IND>
 </ROW>
</ROWSET>

#FT_T_MSGP,<?xml version="1.0"?>
<ROWSET>
 <ROW>
  <TRN_ID>++AicBCHS414i001</TRN_ID>
  <PROC_MSG_CNT>1</PROC_MSG_CNT>
  <PROC_MSG_STAT_CDE>10</PROC_MSG_STAT_CDE>
  <MSG_FMT_TYP>X</MSG_FMT_TYP>
  <XREF_TBL_TYP>CNTC</XREF_TBL_TYP>
  <XREF_TBL_ROW_OID>$.t&amp;G7IsW1</XREF_TBL_ROW_OID>
  <ENTITY_CHG_IND>C</ENTITY_CHG_IND>
  <LAST_CHG_USR_ID>O005496</LAST_CHG_USR_ID>
  <PROC_MSG_TMS>2026-09-30 13:27:17.070000</PROC_MSG_TMS>
 </ROW>
 <ROW>
  <TRN_ID>++AicBCnS414i001</TRN_ID>
  <PROC_MSG_CNT>1</PROC_MSG_CNT>
  <PROC_MSG_STAT_CDE>10</PROC_MSG_STAT_CDE>
  <MSG_FMT_TYP>X</MSG_FMT_TYP>
  <LAST_CHG_USR_ID>O005496</LAST_CHG_USR_ID>
  <PROC_MSG_TMS>2026-09-30 13:35:22.600000</PROC_MSG_TMS>
 </ROW>
 <ROW>
  <TRN_ID>00AicIZXS414i000</TRN_ID>
  <PROC_MSG_CNT>1</PROC_MSG_CNT>
  <PROC_MSG_STAT_CDE>10</PROC_MSG_STAT_CDE>
  <MSG_FMT_TYP>X</MSG_FMT_TYP>
  <XREF_TBL_TYP>CNTC</XREF_TBL_TYP>
  <XREF_TBL_ROW_OID>$.t&amp;G7IsW1</XREF_TBL_ROW_OID>
  <ENTITY_CHG_IND>N</ENTITY_CHG_IND>
  <LAST_CHG_USR_ID>O005496</LAST_CHG_USR_ID>
  <PROC_MSG_TMS>2026-09-30 13:42:07.338000</PROC_MSG_TMS>
 </ROW>
 <ROW>
  <TRN_ID>00AicId1S414i000</TRN_ID>
  <PROC_MSG_CNT>1</PROC_MSG_CNT>
  <PROC_MSG_STAT_CDE>10</PROC_MSG_STAT_CDE>
  <MSG_FMT_TYP>X</MSG_FMT_TYP>
  <LAST_CHG_USR_ID>O005496</LAST_CHG_USR_ID>
  <PROC_MSG_TMS>2026-09-30 13:42:20.612000</PROC_MSG_TMS>
 </ROW>
 <ROW>
  <TRN_ID>00AicLoXS414i002</TRN_ID>
  <PROC_MSG_CNT>1</PROC_MSG_CNT>
  <PROC_MSG_STAT_CDE>10</PROC_MSG_STAT_CDE>
  <MSG_FMT_TYP>X</MSG_FMT_TYP>
  <XREF_TBL_TYP>CNTC</XREF_TBL_TYP>
  <XREF_TBL_ROW_OID>$.t&amp;G7IsW1</XREF_TBL_ROW_OID>
  <ENTITY_CHG_IND>U</ENTITY_CHG_IND>
  <LAST_CHG_USR_ID>O005496</LAST_CHG_USR_ID>
  <PROC_MSG_TMS>2026-09-30 14:50:01.378000</PROC_MSG_TMS>
 </ROW>
 <ROW>
  <TRN_ID>01AicLkXS414i002</TRN_ID>
  <PROC_MSG_CNT>1</PROC_MSG_CNT>
  <PROC_MSG_STAT_CDE>10</PROC_MSG_STAT_CDE>
  <MSG_FMT_TYP>X</MSG_FMT_TYP>
  <LAST_CHG_USR_ID>O005496</LAST_CHG_USR_ID>
  <PROC_MSG_TMS>2026-09-30 14:50:40.715000</PROC_MSG_TMS>
 </ROW>
 <ROW>
  <TRN_ID>00AicWIXS414i001</TRN_ID>
  <PROC_MSG_CNT>1</PROC_MSG_CNT>
  <PROC_MSG_STAT_CDE>10</PROC_MSG_STAT_CDE>
  <MSG_FMT_TYP>X</MSG_FMT_TYP>
  <LAST_CHG_USR_ID>O005496</LAST_CHG_USR_ID>
  <PROC_MSG_TMS>2026-09-30 14:50:49.224000</PROC_MSG_TMS>
 </ROW>
 <ROW>
  <TRN_ID>00AicWLXS414i002</TRN_ID>
  <PROC_MSG_CNT>1</PROC_MSG_CNT>
  <PROC_MSG_STAT_CDE>10</PROC_MSG_STAT_CDE>
  <MSG_FMT_TYP>X</MSG_FMT_TYP>
  <LAST_CHG_USR_ID>T037244</LAST_CHG_USR_ID>
  <PROC_MSG_TMS>2026-09-30 15:57:25.099000</PROC_MSG_TMS>
 </ROW>
 <ROW>
  <TRN_ID>++AicgrHS414i002</TRN_ID>
  <PROC_MSG_CNT>1</PROC_MSG_CNT>
  <PROC_MSG_STAT_CDE>10</PROC_MSG_STAT_CDE>
  <MSG_FMT_TYP>X</MSG_FMT_TYP>
  <XREF_TBL_TYP>FINS</XREF_TBL_TYP>
  <XREF_TBL_ROW_OID>$00353D422</XREF_TBL_ROW_OID>
  <ENTITY_CHG_IND>U</ENTITY_CHG_IND>
  <LAST_CHG_USR_ID>XE48467</LAST_CHG_USR_ID>
  <PROC_MSG_TMS>2026-09-30 16:15:22.671000</PROC_MSG_TMS>
 </ROW>
 <ROW>
  <TRN_ID>00AihCUXS414i003</TRN_ID>
  <PROC_MSG_CNT>1</PROC_MSG_CNT>
  <PROC_MSG_STAT_CDE>10</PROC_MSG_STAT_CDE>
  <MSG_FMT_TYP>X</MSG_FMT_TYP>
  <XREF_TBL_TYP>FINS</XREF_TBL_TYP>
  <XREF_TBL_ROW_OID>/IsJM7gtW1</XREF_TBL_ROW_OID>
  <ENTITY_CHG_IND>C</ENTITY_CHG_IND>
  <DATA_SRC_ID>RDR</DATA_SRC_ID>
  <LAST_CHG_USR_ID>T045519</LAST_CHG_USR_ID>
  <PROC_MSG_TMS>2026-10-01 12:49:42.731000</PROC_MSG_TMS>
 </ROW>
 <ROW>
  <TRN_ID>00AiepyXS414i00C</TRN_ID>
  <PROC_MSG_CNT>1</PROC_MSG_CNT>
  <PROC_MSG_STAT_CDE>50</PROC_MSG_STAT_CDE>
  <MSG_FMT_TYP>X</MSG_FMT_TYP>
  <ENTITY_CHG_IND>N</ENTITY_CHG_IND>
  <LAST_CHG_USR_ID>O016991</LAST_CHG_USR_ID>
  <PROC_MSG_TMS>2026-10-01 09:37:02.144000</PROC_MSG_TMS>
 </ROW>
 <ROW>
  <TRN_ID>00AihCPXS414i001</TRN_ID>
  <PROC_MSG_CNT>1</PROC_MSG_CNT>
  <PROC_MSG_STAT_CDE>10</PROC_MSG_STAT_CDE>
  <MSG_FMT_TYP>X</MSG_FMT_TYP>
  <XREF_TBL_TYP>FINS</XREF_TBL_TYP>
  <XREF_TBL_ROW_OID>/IsxL7gtW1</XREF_TBL_ROW_OID>
  <ENTITY_CHG_IND>U</ENTITY_CHG_IND>
  <LAST_CHG_USR_ID>T045519</LAST_CHG_USR_ID>
  <PROC_MSG_TMS>2026-10-01 12:27:19.722000</PROC_MSG_TMS>
 </ROW>
</ROWSET>

